ID,region,tenure,age,marital,address,income,ed,retire,gender,voice,internet,forward,custcat,churn,churn_event,monthly_revenue,monthly_margin,CLV_60_months,survival_probability_12m,churn_risk_12m,CLV_12_months,valuable_customer,at_risk_customer,valuable_and_at_risk
1,Zone 2,13,44,Married,9,64,College degree,No,Male,No,No,Yes,Basic service,Yes,1,25,16.25,617.0162673594488,0.902984562245622,0.09701543775437804,175.61670694340208,False,False,False
2,Zone 3,11,33,Married,7,136,Post-undergraduate degree,No,Male,Yes,No,Yes,Total service,Yes,1,60,39.0,1481.2569368043999,0.9042839146248999,0.09571608537510012,421.9503771139128,True,False,False
3,Zone 3,68,52,Married,24,116,Did not complete high school,No,Female,No,No,No,Plus service,No,0,45,29.25,1330.1922045699268,0.9815579273482222,0.018442072651777774,330.1906891489974,True,False,False
4,Zone 2,33,33,Unmarried,12,33,High school degree,No,Female,No,No,No,Basic service,Yes,1,25,16.25,551.9474803509764,0.8451460775060665,0.15485392249393348,169.2858110519405,False,False,False
5,Zone 2,23,30,Married,9,30,Did not complete high school,No,Male,No,No,Yes,Plus service,No,0,45,29.25,1162.671634971561,0.9222156637975187,0.07778433620248126,319.4727008219506,True,False,False
6,Zone 2,41,39,Unmarried,17,78,High school degree,No,Female,No,No,No,Plus service,No,0,45,29.25,1204.9922127318864,0.9373547830083382,0.06264521699166181,322.1710992060192,True,False,False
7,Zone 3,45,22,Married,2,19,High school degree,No,Female,No,Yes,No,E-service,Yes,1,35,22.75,764.692256201086,0.8407622410718953,0.15923775892810466,236.35297727450006,False,False,False
8,Zone 2,38,35,Unmarried,5,76,High school degree,No,Male,Yes,Yes,Yes,Total service,No,0,60,39.0,1214.2176318640911,0.8037789748336388,0.1962210251663612,395.51205908393507,True,True,True
9,Zone 3,45,59,Married,7,166,College degree,No,Male,No,No,Yes,Plus service,No,0,45,29.25,1295.2196973950222,0.9703999332719467,0.029600066728053265,328.20685336195965,True,False,False
10,Zone 1,68,41,Married,21,72,Did not complete high school,No,Male,No,No,No,E-service,No,0,35,22.75,1014.863681393173,0.9730116400812487,0.02698835991875126,255.61665918663368,False,False,False
11,Zone 2,5,33,Unmarried,10,125,College degree,No,Female,No,Yes,No,Basic service,Yes,1,25,16.25,362.0265286005917,0.635252064047215,0.364747935952785,145.2202197632528,False,True,False
12,Zone 3,7,35,Unmarried,14,80,High school degree,No,Female,Yes,No,Yes,Plus service,No,0,45,29.25,1065.4931296446503,0.8869618572624651,0.11303814273753487,313.57516131532327,True,False,False
13,Zone 1,41,38,Married,8,37,High school degree,No,Female,No,No,No,Basic service,No,0,25,16.25,605.4581984691953,0.8896887191204647,0.11031128087953535,174.02621180088363,False,False,False
14,Zone 2,57,54,Married,30,115,College degree,No,Female,Yes,Yes,Yes,Total service,Yes,1,60,39.0,1687.4158731879186,0.9594438254336702,0.04055617456632976,434.92855553433236,True,False,False
15,Zone 2,9,46,Unmarried,3,25,Did not complete high school,No,Female,No,No,No,Basic service,No,0,25,16.25,528.3296671383573,0.8267329137787293,0.17326708622127074,167.5559947813847,False,True,False
16,Zone 1,29,38,Married,12,75,Post-undergraduate degree,No,Male,No,Yes,No,E-service,No,0,35,22.75,878.9246890975821,0.9076560960914666,0.09234390390853342,246.31034728832367,False,False,False
17,Zone 3,60,57,Unmarried,38,162,High school degree,No,Male,No,No,Yes,Plus service,No,0,45,29.25,1351.1056383539158,0.988468769277791,0.011531230722208963,331.43313635050146,True,False,False
18,Zone 3,34,48,Unmarried,3,49,High school degree,No,Female,No,No,Yes,Plus service,No,0,45,29.25,1160.2537390307948,0.9198920280614518,0.08010797193854824,318.9514673973533,True,False,False
19,Zone 2,1,24,Unmarried,3,20,Did not complete high school,No,Male,No,No,No,Basic service,No,0,25,16.25,386.3451713370145,0.6750787066026873,0.3249212933973127,152.01096949012674,False,True,False
20,Zone 1,26,29,Married,3,77,College degree,No,Male,Yes,Yes,Yes,Total service,Yes,1,60,39.0,1189.0477549385487,0.7923144643608622,0.20768553563913783,392.4031226080587,True,True,True
21,Zone 3,6,30,Unmarried,7,16,Some college,No,Female,No,Yes,No,E-service,Yes,1,35,22.75,675.6289836620138,0.7822446875569598,0.21775531244304025,227.92443264902255,False,True,False
22,Zone 1,68,52,Married,17,120,Did not complete high school,No,Male,No,No,Yes,Basic service,No,0,25,16.25,685.8509565933844,0.9478322676697206,0.05216773233027938,180.03426680255293,False,False,False
23,Zone 3,53,33,Unmarried,10,101,Post-undergraduate degree,No,Female,Yes,Yes,Yes,Total service,No,0,60,39.0,1303.237292251258,0.8385455055532564,0.16145449444674365,404.6343578367989,True,False,False
24,Zone 3,55,48,Married,19,67,Did not complete high school,No,Male,No,No,No,Basic service,No,0,25,16.25,679.3344759628751,0.9436719222904512,0.05632807770954884,179.6161403083728,False,False,False
25,Zone 3,14,43,Married,18,36,Did not complete high school,No,Male,No,No,Yes,Plus service,No,0,45,29.25,1299.7870536218943,0.9758876615610734,0.024112338438926573,329.3948430432045,True,False,False
26,Zone 2,1,21,Unmarried,0,33,High school degree,No,Female,No,No,Yes,Plus service,No,0,45,29.25,875.781811139783,0.7993776640348932,0.2006223359651068,299.59673126130554,False,True,False
27,Zone 2,42,40,Unmarried,7,37,High school degree,No,Female,Yes,Yes,No,Total service,No,0,60,39.0,1291.2092323656998,0.8333748756223701,0.16662512437762989,403.2568772323329,True,False,False
28,Zone 3,25,33,Married,11,31,Did not complete high school,No,Male,No,No,Yes,Plus service,No,0,45,29.25,1196.7589567477937,0.9356736023063374,0.06432639769366255,321.9510130005696,True,False,False
29,Zone 1,9,21,Married,1,17,High school degree,No,Female,No,No,No,Basic service,No,0,25,16.25,443.43154278217406,0.7366420146821437,0.26335798531785626,157.29107123162157,False,True,False
30,Zone 2,13,33,Married,9,19,College degree,No,Female,No,Yes,No,E-service,No,0,35,22.75,817.5083246915249,0.875476789393451,0.12452321060654903,241.78354278639577,False,False,False
31,Zone 1,56,37,Married,6,36,Did not complete high school,No,Female,No,Yes,No,E-service,No,0,35,22.75,866.2828187613956,0.9000040499336357,0.0999959500663643,245.14418653756235,False,False,False
32,Zone 1,71,53,Married,27,155,Post-undergraduate degree,No,Male,Yes,Yes,Yes,Total service,No,0,60,39.0,1667.6353765110996,0.9537668750671604,0.0462331249328396,433.5292414476398,True,False,False
33,Zone 1,35,50,Married,26,140,High school degree,No,Female,No,No,Yes,Plus service,No,0,45,29.25,1338.618624421708,0.9853643308091149,0.014635669190885103,330.9142308557339,True,False,False
34,Zone 1,11,27,Married,8,55,Post-undergraduate degree,No,Male,No,Yes,No,E-service,No,0,35,22.75,764.9308565919354,0.8427571185137679,0.1572428814862321,236.91711614714563,False,False,False
35,Zone 2,60,46,Married,13,163,Some college,No,Male,Yes,Yes,Yes,Total service,No,0,60,39.0,1521.0898076691442,0.9112535716997772,0.08874642830022283,423.05658927638245,True,False,False
36,Zone 3,20,35,Married,11,52,College degree,No,Male,No,Yes,No,E-service,Yes,1,35,22.75,849.7329821252497,0.8924993104428554,0.10750068955714465,244.15731822554383,False,False,False
37,Zone 2,54,60,Unmarried,38,211,College degree,No,Male,Yes,Yes,No,Total service,No,0,60,39.0,1703.3600236869327,0.9638208897521328,0.03617911024786724,435.99687251759013,True,False,False
38,Zone 1,44,57,Married,1,186,High school degree,No,Male,Yes,No,Yes,Plus service,No,0,45,29.25,1207.7080213822617,0.9382617177081567,0.061738282291843305,322.3307511308965,True,False,False
39,Zone 1,11,41,Married,0,39,Did not complete high school,No,Female,Yes,No,Yes,Plus service,Yes,1,45,29.25,1079.1106820081827,0.8897988550444164,0.11020114495558364,313.72013171045074,True,False,False
40,Zone 2,72,57,Unmarried,34,22,High school degree,Yes,Female,No,No,Yes,Plus service,No,0,45,29.25,1339.967779208354,0.9846975453609934,0.01530245463900659,330.7517364426414,True,False,False
41,Zone 3,10,41,Unmarried,7,30,Did not complete high school,No,Male,No,No,Yes,Plus service,No,0,45,29.25,1140.1408356050526,0.9177492263566119,0.08225077364338806,319.04763346465194,True,False,False
42,Zone 2,15,28,Unmarried,0,29,High school degree,No,Female,No,No,Yes,Plus service,No,0,45,29.25,958.852432405147,0.8284385248021207,0.17156147519787934,301.5942770229256,False,True,False
43,Zone 2,27,28,Married,4,23,High school degree,No,Male,No,No,No,Basic service,No,0,25,16.25,534.1322846177729,0.8290303814531944,0.1709696185468056,167.54158211800004,False,True,False
44,Zone 1,9,36,Married,14,62,College degree,No,Male,Yes,Yes,No,Total service,Yes,1,60,39.0,1350.1289212882223,0.8590110934837539,0.14098890651624607,410.6084981762703,True,False,False
45,Zone 1,64,43,Married,20,76,College degree,No,Female,No,No,No,Plus service,No,0,45,29.25,1291.205496442676,0.9683776855809758,0.03162231441902419,327.8139934435583,True,False,False
46,Zone 1,65,41,Married,3,74,College degree,No,Male,Yes,Yes,No,E-service,No,0,35,22.75,834.0421395511817,0.8824260942290625,0.11757390577093751,242.5713897217293,False,False,False
47,Zone 1,49,51,Married,27,63,College degree,No,Male,No,Yes,No,E-service,No,0,35,22.75,1002.6916218177897,0.9681176161536383,0.03188238384636166,254.94454689690787,False,False,False
48,Zone 3,47,41,Married,0,36,College degree,No,Male,No,Yes,No,Total service,Yes,1,60,39.0,1433.7459848573271,0.8833233180643754,0.11667668193562464,416.0490974868761,True,False,False
49,Zone 3,9,34,Married,9,33,High school degree,No,Female,No,No,No,Basic service,Yes,1,25,16.25,567.7145186183528,0.8636810894057464,0.1363189105942536,171.59094645462426,False,False,False
50,Zone 1,5,36,Unmarried,14,29,High school degree,No,Female,No,Yes,Yes,Plus service,Yes,1,45,29.25,966.997477698342,0.8398977233441859,0.1601022766558141,304.8960482558922,False,False,False
51,Zone 2,30,34,Married,4,27,High school degree,No,Male,No,Yes,No,Basic service,Yes,1,25,16.25,476.8465283973467,0.7744215963104738,0.2255784036895262,161.52136372568106,False,True,False
52,Zone 1,56,52,Married,28,49,High school degree,No,Male,No,No,No,E-service,No,0,35,22.75,1052.3631248073557,0.9891549897781656,0.010845010221834372,257.8786149818366,True,False,False
53,Zone 3,10,22,Unmarried,0,24,College degree,No,Male,Yes,Yes,Yes,Total service,No,0,60,39.0,813.1811229708788,0.6046349318792046,0.3953650681207954,338.84400181038484,False,True,False
54,Zone 1,7,26,Married,3,26,High school degree,No,Male,No,No,No,Basic service,No,0,25,16.25,481.159875625168,0.779746123695976,0.22025387630402404,162.41339548517684,False,True,False
55,Zone 1,52,27,Unmarried,6,47,Some college,No,Male,No,No,No,Basic service,No,0,25,16.25,535.9517391310878,0.8323346453910873,0.16766535460891274,167.9288387709473,False,False,False
56,Zone 2,36,45,Married,1,94,High school degree,No,Female,No,Yes,No,Basic service,Yes,1,25,16.25,517.0524629548296,0.8139357392824308,0.1860642607175692,165.90259097797292,False,True,False
57,Zone 3,27,34,Unmarried,8,21,Some college,No,Female,No,No,No,E-service,No,0,35,22.75,884.0243244338485,0.9106668569456356,0.08933314305436435,246.76281444014816,False,False,False
58,Zone 1,58,62,Married,36,27,Did not complete high school,No,Male,No,No,No,Basic service,No,0,25,16.25,743.8908986860031,0.9846419575637385,0.015358042436261488,183.7507285768898,False,False,False
59,Zone 2,41,52,Unmarried,27,30,High school degree,No,Female,No,No,Yes,Plus service,No,0,45,29.25,1310.544035888869,0.9758471212222151,0.024152878777784936,329.19844720665805,True,False,False
60,Zone 2,47,40,Married,16,127,College degree,No,Female,No,Yes,No,E-service,No,0,35,22.75,919.6240787294637,0.9282035084062675,0.07179649159373247,249.24789600589085,False,False,False
61,Zone 2,55,39,Married,15,137,High school degree,No,Female,Yes,No,Yes,Plus service,Yes,1,45,29.25,1204.784761375067,0.9367763012004656,0.06322369879953438,322.0376922255796,True,False,False
62,Zone 2,56,50,Married,1,80,High school degree,No,Female,Yes,No,Yes,Total service,No,0,60,39.0,1595.2672184643113,0.9335233813925761,0.06647661860742393,428.5804381059253,True,False,False
63,Zone 3,35,55,Unmarried,24,30,High school degree,No,Male,No,No,No,Basic service,No,0,25,16.25,678.0935580162572,0.943780163184348,0.05621983681565201,179.65486925285427,False,False,False
64,Zone 2,69,51,Married,11,438,College degree,No,Female,No,Yes,No,Total service,No,0,60,39.0,1615.0154868514908,0.9390547850206746,0.06094521497932537,429.92957088494063,True,False,False
65,Zone 2,44,39,Unmarried,16,79,High school degree,No,Male,No,Yes,Yes,Total service,Yes,1,60,39.0,1462.8174891200722,0.8928456404260963,0.10715435957390373,418.4550189195683,True,False,False
66,Zone 3,36,47,Married,16,63,Did not complete high school,No,Male,No,No,No,Basic service,No,0,25,16.25,662.7658334249454,0.9329506305732144,0.06704936942678563,178.5406567634389,False,False,False
67,Zone 3,28,51,Married,22,40,Some college,No,Female,No,No,Yes,Plus service,No,0,45,29.25,1332.1032662893701,0.9838159926364253,0.016184007363574726,330.66242680201526,True,False,False
68,Zone 1,72,67,Married,44,51,Did not complete high school,Yes,Male,No,No,Yes,Plus service,No,0,45,29.25,1382.0561003792884,0.9977096390738734,0.0022903609261265556,333.0651752738391,True,False,False
69,Zone 1,16,27,Unmarried,5,37,Some college,No,Male,No,No,No,Basic service,No,0,25,16.25,456.5088074081573,0.751051741449882,0.24894825855011804,158.84280460039943,False,True,False
70,Zone 3,3,43,Unmarried,19,61,College degree,No,Female,No,Yes,No,Basic service,Yes,1,25,16.25,488.4788298469585,0.793858423022853,0.20614157697714697,164.7401587496493,False,True,False
71,Zone 1,40,57,Married,15,22,High school degree,No,Male,No,No,No,Basic service,No,0,25,16.25,688.4824095977742,0.9505013913594643,0.04949860864053568,180.3305899707471,False,False,False
72,Zone 3,16,39,Unmarried,6,44,College degree,No,Female,No,Yes,No,E-service,No,0,35,22.75,755.1165395906487,0.8345009098119146,0.1654990901880854,235.48383889900077,False,False,False
73,Zone 1,20,42,Unmarried,4,17,Some college,No,Male,No,No,No,Basic service,No,0,25,16.25,530.0746250238778,0.8253282570869095,0.1746717429130905,167.15771057572567,False,True,False
74,Zone 2,48,43,Unmarried,13,110,Post-undergraduate degree,No,Female,Yes,Yes,No,E-service,No,0,35,22.75,817.6742135572736,0.8726380561093099,0.1273619438906901,241.11559781823118,False,False,False
75,Zone 2,64,48,Married,13,91,High school degree,No,Male,No,No,Yes,Plus service,No,0,45,29.25,1280.278976853702,0.9645336716607769,0.03546632833922314,327.1158989953638,True,False,False
76,Zone 1,8,46,Unmarried,3,46,High school degree,No,Male,No,Yes,No,Basic service,No,0,25,16.25,401.53794613737733,0.6866195353952417,0.3133804646047583,151.37134223601316,False,True,False
77,Zone 1,40,38,Married,10,85,Some college,No,Male,No,No,Yes,Plus service,Yes,1,45,29.25,1220.021840641192,0.9432158727252352,0.056784127274764784,323.2558428689098,True,False,False
78,Zone 2,38,71,Unmarried,27,10,High school degree,Yes,Male,No,No,No,Basic service,No,0,25,16.25,724.9888882040153,0.9741407855932056,0.025859214406794395,182.72183180413808,False,False,False
79,Zone 1,67,68,Unmarried,28,244,Did not complete high school,No,Female,Yes,No,Yes,Plus service,No,0,45,29.25,1323.6415018727075,0.9794009927427191,0.02059900725728092,329.8035033455791,True,False,False
80,Zone 1,26,42,Unmarried,0,80,College degree,No,Female,Yes,Yes,Yes,Total service,No,0,60,39.0,1162.6606684952246,0.7814245742752233,0.21857542572477673,389.4928138799276,True,True,True
81,Zone 3,41,34,Married,15,83,Post-undergraduate degree,No,Female,Yes,Yes,Yes,Total service,No,0,60,39.0,1415.5428498044384,0.8771789827963163,0.12282101720368366,414.49381280857233,True,False,False
82,Zone 2,2,31,Unmarried,2,21,Did not complete high school,No,Male,No,No,No,Basic service,Yes,1,25,16.25,424.12398693136214,0.7211560528387811,0.27884394716121885,156.75788989886732,False,True,False
83,Zone 3,20,48,Married,29,24,High school degree,No,Male,Yes,No,Yes,Total service,Yes,1,60,39.0,1773.6625274970133,0.9841635492659926,0.015836450734007412,441.02475203536727,True,False,False
84,Zone 2,31,53,Unmarried,2,351,Some college,No,Female,No,No,Yes,Plus service,No,0,45,29.25,1181.5425914367192,0.9288131181616032,0.07118688183839683,320.63027398233044,True,False,False
85,Zone 2,45,52,Married,4,169,College degree,No,Female,No,Yes,No,E-service,No,0,35,22.75,910.1639122920715,0.9233990043174225,0.0766009956825775,248.55598190820865,False,False,False
86,Zone 2,33,27,Married,7,46,High school degree,No,Male,No,No,No,Basic service,No,0,25,16.25,553.2321560779656,0.8462696706389337,0.15373032936106634,169.40690337336616,False,False,False
87,Zone 1,10,26,Unmarried,6,34,Some college,No,Male,No,No,No,E-service,No,0,35,22.75,812.256258427133,0.8739663820348884,0.1260336179651116,241.70316200956464,False,False,False
88,Zone 2,62,54,Married,2,50,College degree,No,Male,Yes,Yes,Yes,Total service,Yes,1,60,39.0,1491.6984561168488,0.9021467981139136,0.09785320188608637,420.7839689586207,True,False,False
89,Zone 2,4,35,Unmarried,16,161,Post-undergraduate degree,No,Female,Yes,Yes,Yes,Total service,Yes,1,60,39.0,1197.6278185706133,0.802892455822892,0.19710754417710796,397.14932288842226,True,True,True
90,Zone 1,42,47,Married,17,212,College degree,No,Male,No,No,Yes,Plus service,No,0,45,29.25,1294.7439570077602,0.970388893701942,0.029611106298057965,328.2116911692266,True,False,False
91,Zone 3,27,51,Married,3,80,Post-undergraduate degree,No,Male,No,Yes,No,E-service,No,0,35,22.75,890.3481338575004,0.9141064509699278,0.08589354903007218,247.265287318062,False,False,False
92,Zone 2,38,42,Unmarried,1,30,College degree,No,Female,No,No,No,Basic service,No,0,25,16.25,545.0733528494145,0.8393411411302782,0.16065885886972175,168.6622739023741,False,False,False
93,Zone 3,52,61,Married,3,53,Post-undergraduate degree,No,Female,Yes,Yes,No,E-service,No,0,35,22.75,900.8608925659601,0.91840627762095,0.08159372237905005,247.8247728256777,False,False,False
94,Zone 3,35,33,Unmarried,9,73,Post-undergraduate degree,No,Female,Yes,Yes,Yes,Total service,No,0,60,39.0,1223.105623810694,0.8069169465213384,0.19308305347866161,396.31790689263687,True,True,True
95,Zone 3,3,20,Married,1,17,High school degree,No,Female,No,No,No,Basic service,Yes,1,25,16.25,423.93634427376963,0.7184054045394985,0.2815945954605015,155.96032018267505,False,True,False
96,Zone 2,17,33,Unmarried,9,23,Post-undergraduate degree,No,Male,Yes,Yes,No,Total service,Yes,1,60,39.0,1123.5003148198336,0.7635874164043415,0.23641258359565853,384.6526152449917,True,True,True
97,Zone 1,55,53,Married,21,34,Did not complete high school,No,Male,No,No,Yes,Plus service,No,0,45,29.25,1325.6625271121554,0.9803500831864119,0.019649916813588075,329.9848731581736,True,False,False
98,Zone 3,43,36,Married,5,107,Did not complete high school,No,Female,No,No,No,E-service,Yes,1,35,22.75,938.9843089018134,0.9381366174118311,0.061863382588168925,250.68564602595,False,False,False
99,Zone 2,47,25,Married,5,21,Did not complete high school,No,Female,No,No,Yes,Plus service,Yes,1,45,29.25,1123.3111623171924,0.9040217285354687,0.0959782714645313,315.9444817197735,True,False,False
100,Zone 3,65,58,Unmarried,30,83,High school degree,No,Female,No,No,No,E-service,No,0,35,22.75,1045.326665681534,0.9861109391387891,0.013889060861210889,257.4513410527879,True,False,False
101,Zone 1,13,20,Unmarried,1,17,Some college,No,Male,No,Yes,Yes,Total service,No,0,60,39.0,963.7258419575927,0.6873854624606737,0.31261453753932633,363.33945550882896,False,True,False
102,Zone 3,64,25,Married,4,76,Some college,No,Female,No,No,Yes,Plus service,No,0,45,29.25,1136.1644423653117,0.9093607204529915,0.09063927954700846,316.9384235922255,True,False,False
103,Zone 2,12,24,Unmarried,2,19,Did not complete high school,No,Male,No,No,Yes,Plus service,Yes,1,45,29.25,935.6548246816399,0.8168581993950924,0.1831418006049076,299.4082751778343,False,True,False
104,Zone 1,29,32,Married,0,49,College degree,No,Female,No,Yes,No,E-service,Yes,1,35,22.75,770.6614355801643,0.8437627265593148,0.15623727344068516,236.79429992895578,False,False,False
105,Zone 2,23,47,Unmarried,21,173,Some college,No,Female,No,No,No,E-service,No,0,35,22.75,1005.8697447087898,0.9716953353692809,0.028304664630719123,255.52811191332665,False,False,False
106,Zone 2,14,35,Unmarried,4,47,Some college,No,Female,No,No,Yes,E-service,Yes,1,35,22.75,857.6314027968978,0.8989489391893065,0.10105106081069348,245.23647933327146,False,False,False
107,Zone 1,35,61,Unmarried,23,41,High school degree,No,Male,No,No,No,Basic service,No,0,25,16.25,691.56511455751,0.9529366782854667,0.04706332171453331,180.58886926043985,False,False,False
108,Zone 3,26,39,Unmarried,8,105,Some college,No,Female,Yes,No,Yes,Total service,No,0,60,39.0,1442.4628962737766,0.8867905365106807,0.11320946348931926,417.0061141756411,True,False,False
109,Zone 1,13,54,Unmarried,2,31,College degree,No,Male,Yes,Yes,No,Basic service,No,0,25,16.25,399.5960233309959,0.6850037286516841,0.31499627134831587,151.10657140273142,False,True,False
110,Zone 2,69,40,Married,13,41,High school degree,No,Male,No,No,No,E-service,No,0,35,22.75,988.3073309004094,0.9610188572222154,0.03898114277778464,253.9227497119778,False,False,False
111,Zone 3,61,50,Married,30,102,College degree,No,Female,No,Yes,No,E-service,No,0,35,22.75,1008.7994406723498,0.9704739802190862,0.029526019780913848,255.26417478995614,False,False,False
112,Zone 2,45,22,Married,2,36,College degree,No,Female,No,No,No,E-service,Yes,1,35,22.75,865.840941784015,0.8997655386378189,0.10023446136218106,245.11347273640493,False,False,False
113,Zone 2,3,37,Unmarried,13,24,Did not complete high school,No,Female,Yes,No,No,Basic service,No,0,25,16.25,474.93338456928774,0.7788441776370177,0.22115582236298226,163.0374876723301,False,True,False
114,Zone 2,53,22,Unmarried,1,25,College degree,No,Male,No,Yes,No,E-service,No,0,35,22.75,723.6824990621528,0.8155175657861872,0.18448243421381283,232.5621361218818,False,True,False
115,Zone 1,59,42,Unmarried,1,68,High school degree,No,Female,No,No,Yes,Plus service,No,0,45,29.25,1137.2449648508357,0.9097851655434576,0.09021483445654244,317.0182187689566,True,False,False
116,Zone 1,13,34,Unmarried,11,20,Some college,No,Female,No,Yes,No,Basic service,No,0,25,16.25,407.6513235038931,0.6947550044887516,0.3052449955112484,152.27043487001302,False,True,False
117,Zone 3,31,31,Unmarried,4,48,Did not complete high school,No,Male,No,No,Yes,Plus service,No,0,45,29.25,1054.4310432982154,0.8739795995073947,0.12602040049260532,310.2774970228535,True,False,False
118,Zone 1,40,29,Married,6,40,High school degree,No,Female,No,No,Yes,Plus service,No,0,45,29.25,1145.5273302758253,0.9134789448726265,0.08652105512737351,317.73070641634365,True,False,False
119,Zone 1,48,55,Unmarried,15,79,Did not complete high school,No,Male,No,No,Yes,Plus service,No,0,45,29.25,1268.9898016899215,0.9609926695975106,0.03900733040248938,326.492804612782,True,False,False
120,Zone 3,3,31,Unmarried,1,28,Did not complete high school,No,Male,No,Yes,Yes,Basic service,Yes,1,25,16.25,280.34834974239664,0.5131068529017627,0.4868931470982373,129.20569153837874,False,True,False
121,Zone 2,51,48,Unmarried,12,64,High school degree,No,Female,No,No,No,Basic service,No,0,25,16.25,620.8425803063608,0.9015577606467436,0.09844223935325636,175.26587471248237,False,False,False
122,Zone 3,33,41,Unmarried,15,37,High school degree,No,Male,No,No,No,Basic service,No,0,25,16.25,595.0492664678544,0.8815061644387756,0.11849383556122439,173.17165109170026,False,False,False
123,Zone 3,14,47,Married,7,48,Did not complete high school,No,Male,No,No,No,Basic service,No,0,25,16.25,619.9017799133003,0.9048101895544414,0.09518981044555863,175.78445128758634,False,False,False
124,Zone 1,17,42,Married,6,131,Post-undergraduate degree,No,Male,No,Yes,No,E-service,Yes,1,35,22.75,854.887155364816,0.8962515469415482,0.10374845305845182,244.76270959117235,False,False,False
125,Zone 3,19,29,Married,9,18,High school degree,No,Male,No,Yes,Yes,Basic service,Yes,1,25,16.25,450.6409198565514,0.7451186165142013,0.2548813834857987,158.1627448419267,False,True,False
126,Zone 2,58,36,Unmarried,10,38,High school degree,No,Female,No,No,No,E-service,No,0,35,22.75,920.8996223358916,0.9286215996613998,0.07137840033860021,249.2978389656065,False,False,False
127,Zone 3,22,23,Unmarried,3,37,High school degree,No,Female,Yes,Yes,No,Total service,No,0,60,39.0,985.5589390500069,0.7011328073047145,0.2988671926952855,367.4353050512791,False,True,False
128,Zone 2,29,31,Married,1,60,College degree,No,Male,No,Yes,No,E-service,Yes,1,35,22.75,771.6117308208784,0.8443628480622405,0.1556371519377595,236.8851108420701,False,False,False
129,Zone 3,14,22,Married,2,13,Some college,No,Female,No,Yes,No,E-service,Yes,1,35,22.75,684.2564512845533,0.785162239622848,0.21483776037715197,227.84101702887855,False,True,False
130,Zone 2,70,64,Married,18,98,Did not complete high school,No,Female,Yes,No,Yes,Total service,No,0,60,39.0,1764.4845889127805,0.9792543152795598,0.02074568472044025,439.70008923874707,True,False,False
131,Zone 1,62,52,Married,2,195,Did not complete high school,No,Male,No,No,Yes,Plus service,Yes,1,45,29.25,1246.3560381679813,0.9523154895578918,0.0476845104421082,324.88818869364815,True,False,False
132,Zone 2,7,35,Married,0,47,Did not complete high school,No,Male,No,No,No,Basic service,Yes,1,25,16.25,513.5032581859689,0.8136512426924211,0.18634875730757894,166.2460146632949,False,True,False
133,Zone 1,56,47,Married,19,65,High school degree,No,Male,Yes,No,Yes,Total service,No,0,60,39.0,1698.6992193691592,0.9625121285797928,0.03748787142020715,435.675720458729,True,False,False
134,Zone 1,50,50,Married,22,150,Post-undergraduate degree,No,Female,Yes,Yes,Yes,E-service,Yes,1,35,22.75,943.5763211021091,0.9401398342666317,0.059860165733368276,250.96204174815367,False,False,False
135,Zone 2,57,39,Unmarried,6,106,Post-undergraduate degree,No,Male,No,No,Yes,Plus service,No,0,45,29.25,1149.5962048183346,0.9148444912294168,0.0851555087705832,317.9639335135258,True,False,False
136,Zone 3,2,40,Unmarried,19,51,College degree,No,Female,Yes,Yes,No,Basic service,No,0,25,16.25,394.5761114779839,0.6828436020785573,0.3171563979214427,152.1052727994027,False,True,False
137,Zone 2,40,38,Unmarried,17,96,College degree,No,Female,No,No,No,Basic service,No,0,25,16.25,598.9941790848887,0.8845659056529216,0.11543409434707841,173.48702518928692,False,False,False
138,Zone 2,6,43,Unmarried,4,33,Post-undergraduate degree,No,Male,No,No,Yes,Plus service,No,0,45,29.25,1135.136719246104,0.9197095725420399,0.08029042745796011,319.82558260800033,True,False,False
139,Zone 3,23,25,Married,6,38,High school degree,No,Female,No,No,Yes,Plus service,No,0,45,29.25,1103.4492928050358,0.8968341529788281,0.10316584702117193,314.69541533845324,True,False,False
140,Zone 3,11,32,Unmarried,6,125,College degree,No,Male,Yes,Yes,Yes,Total service,Yes,1,60,39.0,1025.8822379775206,0.7179313885284222,0.2820686114715778,372.0786443463463,True,True,True
141,Zone 1,29,37,Married,13,145,Post-undergraduate degree,No,Female,Yes,Yes,Yes,Total service,No,0,60,39.0,1391.628465829244,0.8690869621448458,0.13091303785515418,412.4626388515296,True,False,False
142,Zone 1,42,44,Married,2,99,High school degree,No,Male,No,No,No,Plus service,No,0,45,29.25,1203.4574869004414,0.9367047986191848,0.06329520138081524,322.0480988268972,True,False,False
143,Zone 1,20,34,Married,2,22,College degree,No,Female,No,Yes,Yes,Total service,No,0,60,39.0,1317.6095469431582,0.8427702334061369,0.15722976659386312,405.7529604257708,True,False,False
144,Zone 2,72,60,Married,21,31,Did not complete high school,Yes,Male,No,No,No,E-service,No,0,35,22.75,1050.0639517996299,0.9879549112821671,0.012045088717832941,257.7047160944029,True,False,False
145,Zone 1,2,36,Unmarried,3,25,Did not complete high school,No,Female,No,No,Yes,Plus service,No,0,45,29.25,1076.3679274767856,0.9024258211645254,0.09757417883547459,317.88549876792564,True,False,False
146,Zone 3,46,25,Unmarried,5,57,Post-undergraduate degree,No,Female,No,Yes,Yes,Basic service,No,0,25,16.25,449.3467636165205,0.7495334271293284,0.25046657287067164,158.82849617894948,False,True,False
147,Zone 2,39,51,Married,21,41,Post-undergraduate degree,No,Male,Yes,Yes,Yes,Total service,No,0,60,39.0,1599.645106172016,0.9354141385509298,0.06458586144907019,429.09116278309295,True,False,False
148,Zone 3,24,25,Married,1,20,Some college,No,Female,No,Yes,Yes,E-service,Yes,1,35,22.75,725.4266247480591,0.8140757488310599,0.18592425116894007,232.26963210055345,False,True,False
149,Zone 3,59,43,Married,4,101,High school degree,No,Female,No,No,No,E-service,No,0,35,22.75,963.9602781984318,0.9497977509207409,0.050202249079259076,252.33429959601986,False,False,False
150,Zone 1,65,37,Unmarried,8,56,High school degree,No,Male,No,No,No,E-service,No,0,35,22.75,919.7655777324417,0.9279829656317176,0.07201703436828244,249.20256382619885,False,False,False
151,Zone 2,50,27,Married,5,22,High school degree,No,Female,No,No,No,Basic service,No,0,25,16.25,567.3181624019576,0.8589645963435831,0.14103540365641687,170.77540527975327,False,False,False
152,Zone 1,57,37,Unmarried,11,108,College degree,No,Female,No,Yes,No,Plus service,No,0,45,29.25,1054.7029923325383,0.8744329363191766,0.12556706368082338,310.3551804099323,True,False,False
153,Zone 3,61,48,Unmarried,14,115,College degree,No,Female,Yes,Yes,Yes,Total service,No,0,60,39.0,1462.2226080155172,0.8928049094332187,0.10719509056678134,418.4431868530534,True,False,False
154,Zone 3,34,54,Unmarried,31,53,College degree,No,Male,Yes,Yes,Yes,Total service,No,0,60,39.0,1615.762771562562,0.9404932078794473,0.059506792120552654,430.36993427525397,True,False,False
155,Zone 3,38,53,Unmarried,13,242,College degree,No,Male,Yes,No,Yes,Total service,No,0,60,39.0,1617.1151005542813,0.9405791233884461,0.05942087661155393,430.3686192373612,True,False,False
156,Zone 1,3,24,Married,2,20,High school degree,No,Female,Yes,Yes,No,Plus service,No,0,45,29.25,678.9184030696642,0.6574274011579582,0.34257259884204183,267.22994716304487,False,True,False
157,Zone 2,4,47,Unmarried,5,123,College degree,No,Male,No,Yes,Yes,Basic service,No,0,25,16.25,408.3353716997572,0.6971786454480376,0.30282135455196235,153.10073946313136,False,True,False
158,Zone 2,15,35,Unmarried,0,34,Did not complete high school,No,Male,No,No,No,Basic service,No,0,25,16.25,463.9666747352402,0.7590337102393401,0.24096628976065992,159.76244886929783,False,True,False
159,Zone 1,25,29,Married,8,31,College degree,No,Female,No,Yes,No,E-service,Yes,1,35,22.75,799.588902618127,0.8618874258973455,0.13811257410265454,239.5422392537136,False,False,False
160,Zone 3,21,44,Unmarried,25,47,Did not complete high school,No,Female,No,No,Yes,Plus service,No,0,45,29.25,1279.6978389125336,0.9673897547821514,0.03261024521784861,327.7840900458016,True,False,False
161,Zone 3,50,37,Married,11,48,Some college,No,Female,No,No,Yes,Plus service,No,0,45,29.25,1223.6210455129487,0.9441303747789969,0.05586962522100314,323.40076536775956,True,False,False
162,Zone 2,65,64,Married,22,13,High school degree,Yes,Female,No,No,Yes,Plus service,No,0,45,29.25,1351.1151307052046,0.9883851642652128,0.011614835734787166,331.415084680246,True,False,False
163,Zone 2,59,52,Married,18,78,Did not complete high school,No,Male,No,No,No,Basic service,No,0,25,16.25,686.9399982935257,0.9487234131867746,0.051276586813225444,180.12929635867167,False,False,False
164,Zone 3,29,26,Unmarried,7,34,Did not complete high school,No,Female,No,No,No,Plus service,No,0,45,29.25,1040.3231505396304,0.8674985916196986,0.13250140838030144,309.0416300823565,True,False,False
165,Zone 1,60,46,Unmarried,17,81,Post-undergraduate degree,No,Female,No,Yes,No,E-service,No,0,35,22.75,907.4194257660984,0.9217243269705166,0.07827567302948335,248.300852690525,False,False,False
166,Zone 1,71,45,Married,14,86,High school degree,No,Male,No,Yes,No,E-service,No,0,35,22.75,940.1032478461934,0.9380629513349283,0.06193704866507166,250.64938714143398,False,False,False
167,Zone 3,38,27,Married,0,26,College degree,No,Male,Yes,Yes,Yes,Total service,Yes,1,60,39.0,1200.4471843885622,0.7983627597205644,0.20163724027943564,394.0860108730102,True,True,True
168,Zone 3,16,34,Married,5,51,High school degree,No,Female,No,No,No,Basic service,No,0,25,16.25,549.2991988934724,0.8436747735428942,0.15632522645710578,169.2054158518427,False,False,False
169,Zone 3,7,31,Unmarried,10,59,Some college,No,Male,Yes,No,No,Basic service,No,0,25,16.25,421.5413964413367,0.7114325667057286,0.28856743329427137,154.41841787780416,False,True,False
170,Zone 1,59,53,Unmarried,21,112,College degree,No,Male,No,Yes,No,E-service,Yes,1,35,22.75,949.1809766447908,0.9426614118080635,0.05733858819193649,251.3144597708328,False,False,False
171,Zone 2,22,56,Married,14,57,College degree,No,Male,Yes,Yes,Yes,Total service,No,0,60,39.0,1568.6144756061797,0.9280751650528615,0.07192483494713853,427.4371656460966,True,False,False
172,Zone 1,18,48,Married,20,41,Did not complete high school,No,Female,No,No,No,Basic service,No,0,25,16.25,681.5621216978648,0.9488945229016805,0.051105477098319474,180.2671830637635,False,False,False
173,Zone 2,64,46,Married,19,168,High school degree,No,Female,Yes,Yes,Yes,Total service,No,0,60,39.0,1570.7490619962136,0.9262202408079792,0.07377975919202084,426.7692901666884,True,False,False
174,Zone 2,7,33,Unmarried,4,29,College degree,No,Female,No,Yes,No,Basic service,Yes,1,25,16.25,333.79960111579607,0.5960213561809456,0.40397864381905435,140.0710433853262,False,True,False
175,Zone 3,65,58,Unmarried,13,167,High school degree,No,Female,No,No,No,E-service,No,0,35,22.75,1003.6713111674767,0.9680866571744318,0.031913342825568236,254.9246942308113,False,False,False
176,Zone 3,7,24,Unmarried,5,29,High school degree,No,Male,No,Yes,No,Basic service,Yes,1,25,16.25,295.5180996362742,0.5394245618731648,0.4605754381268352,132.61958864221782,False,True,False
177,Zone 1,64,55,Unmarried,28,104,Did not complete high school,No,Female,No,No,No,Plus service,No,0,45,29.25,1319.0100972556938,0.9779099666973516,0.02209003330264836,329.5373139134748,True,False,False
178,Zone 3,42,22,Married,0,46,College degree,No,Male,Yes,Yes,Yes,Total service,Yes,1,60,39.0,1179.6340312817192,0.7906340572345625,0.20936594276543752,392.0807679845949,True,True,True
179,Zone 3,33,26,Unmarried,5,46,College degree,No,Female,No,Yes,Yes,Total service,No,0,60,39.0,1208.8823770007593,0.8010929275023156,0.19890707249768436,394.7706279016572,True,True,True
180,Zone 1,3,33,Unmarried,8,51,College degree,No,Female,No,No,No,Basic service,Yes,1,25,16.25,483.42545066654037,0.7883076557717319,0.2116923442282681,164.11329085217045,False,True,False
181,Zone 2,69,42,Married,11,65,High school degree,No,Male,Yes,Yes,Yes,Total service,No,0,60,39.0,1493.372420186587,0.9027529224413359,0.09724707755866413,420.93790469176685,True,False,False
182,Zone 2,9,33,Unmarried,1,48,High school degree,No,Male,No,No,No,Basic service,No,0,25,16.25,442.3475447047821,0.7353959254106077,0.2646040745893923,157.14496383041862,False,True,False
183,Zone 3,22,34,Married,1,46,Some college,No,Male,No,Yes,No,E-service,No,0,35,22.75,775.331329583735,0.8469129113267775,0.15308708867322252,237.3009021792716,False,False,False
184,Zone 2,53,63,Married,15,43,High school degree,No,Male,No,Yes,No,E-service,No,0,35,22.75,996.6698490902563,0.9652427895655935,0.034757210434406494,254.53368625122883,False,False,False
185,Zone 3,71,53,Unmarried,30,110,Did not complete high school,No,Male,No,No,No,E-service,No,0,35,22.75,1036.1628060121461,0.9821731063822912,0.01782689361770884,256.89948532759894,True,False,False
186,Zone 3,24,26,Unmarried,2,32,Some college,No,Male,No,No,No,Basic service,No,0,25,16.25,459.6551674318671,0.7556865277258528,0.24431347227414724,159.38674779797375,False,True,False
187,Zone 3,12,22,Married,1,18,Some college,No,Female,No,Yes,No,Basic service,No,0,25,16.25,349.7111720092685,0.620650398465452,0.379349601534548,143.2369762091869,False,True,False
188,Zone 1,25,39,Married,1,26,College degree,No,Male,Yes,Yes,No,E-service,Yes,1,35,22.75,744.8425822152013,0.8270596108967678,0.17294038910323217,234.26084798548374,False,True,False
189,Zone 3,63,28,Married,9,34,High school degree,No,Female,Yes,No,Yes,Plus service,No,0,45,29.25,1123.864701768999,0.9042762792853142,0.09572372071468582,315.98718553270123,True,False,False
190,Zone 1,33,54,Married,18,57,College degree,No,Female,No,Yes,Yes,Plus service,Yes,1,45,29.25,1235.7924026289136,0.9497414660309059,0.05025853396909408,324.4840206960401,True,False,False
191,Zone 2,57,54,Married,20,21,High school degree,No,Female,No,No,No,Basic service,No,0,25,16.25,696.7100224064042,0.9552700305293161,0.04472996947068386,180.79677822172235,False,False,False
192,Zone 3,13,33,Unmarried,7,38,Some college,No,Female,Yes,Yes,Yes,Total service,No,0,60,39.0,1068.2213816962567,0.738226007965433,0.26177399203456697,377.7154442193641,True,True,True
193,Zone 1,13,21,Unmarried,2,19,Some college,No,Female,No,Yes,No,E-service,Yes,1,35,22.75,587.9406832055586,0.7093746137136097,0.29062538628639034,215.60466531316393,False,True,False
194,Zone 1,71,39,Unmarried,2,40,Some college,No,Male,Yes,No,No,Plus service,No,0,45,29.25,1088.9167754924888,0.8897115526826079,0.11028844731739207,313.25654547659366,True,False,False
195,Zone 3,18,69,Married,11,58,Some college,No,Male,Yes,Yes,Yes,Total service,No,0,60,39.0,1648.4433747986152,0.9524749401550151,0.047525059844984896,433.5105844841969,True,False,False
196,Zone 1,17,51,Married,10,95,High school degree,No,Female,No,No,No,Basic service,Yes,1,25,16.25,650.7243621517813,0.9272877990963806,0.0727122009036194,178.06948315860063,False,False,False
197,Zone 2,22,43,Unmarried,4,114,High school degree,No,Male,No,No,No,Basic service,No,0,25,16.25,537.8113433155146,0.8324157926875162,0.1675842073124838,167.923385224254,False,False,False
198,Zone 2,65,65,Married,27,128,Some college,No,Male,No,No,Yes,Plus service,No,0,45,29.25,1362.270420939896,0.9918709575944964,0.008129042405503606,332.03551734005106,True,False,False
199,Zone 3,7,40,Unmarried,9,33,College degree,No,Female,No,Yes,No,Basic service,No,0,25,16.25,403.54127361374617,0.689261176464837,0.310738823535163,151.74550396023508,False,True,False
200,Zone 3,72,66,Unmarried,30,460,College degree,No,Female,Yes,Yes,Yes,Total service,No,0,60,39.0,1689.193100727537,0.9596130958244667,0.040386904175533256,434.9518319007927,True,False,False
201,Zone 1,35,43,Unmarried,12,224,Some college,No,Male,No,No,No,Basic service,No,0,25,16.25,591.3818999527884,0.8784760603647574,0.12152393963524255,172.84753982077854,False,False,False
202,Zone 1,24,39,Unmarried,2,122,College degree,No,Male,No,Yes,Yes,Total service,No,0,60,39.0,1257.2340437639873,0.8194340137962128,0.18056598620378717,399.5899964093609,True,True,True
203,Zone 1,64,24,Married,0,23,Some college,No,Female,No,Yes,No,E-service,No,0,35,22.75,796.5239483319119,0.8609623422721376,0.13903765772786236,239.40142202041307,False,False,False
204,Zone 2,63,63,Married,19,191,Some college,No,Male,No,No,No,E-service,No,0,35,22.75,1052.0238067426328,0.9888877213685666,0.011112278631433381,257.83789969930814,True,False,False
205,Zone 1,38,31,Married,7,187,College degree,No,Male,Yes,No,Yes,Total service,Yes,1,60,39.0,1489.274002707165,0.9015044078311862,0.09849559216881376,420.64785844937137,True,False,False
206,Zone 2,29,37,Married,9,119,Some college,No,Male,No,No,No,Basic service,No,0,25,16.25,595.9256224841482,0.8824001130714403,0.11759988692855972,173.27590738297266,False,False,False
207,Zone 1,72,69,Married,49,44,High school degree,Yes,Female,No,No,No,Plus service,No,0,45,29.25,1385.5106244965707,0.9986826212938632,0.0013173787061367959,333.2356344967569,True,False,False
208,Zone 1,10,27,Married,2,15,Some college,No,Female,Yes,Yes,Yes,Total service,Yes,1,60,39.0,1049.8431580727822,0.7295658095038997,0.2704341904961003,375.420626626712,True,True,True
209,Zone 3,72,64,Unmarried,41,674,College degree,No,Female,Yes,No,Yes,Plus service,No,0,45,29.25,1348.082635473248,0.9873161090409704,0.012683890959029553,331.22047475426376,True,False,False
210,Zone 3,52,23,Married,4,33,College degree,No,Female,No,No,Yes,Plus service,No,0,45,29.25,1111.97899181395,0.8992166696133945,0.10078333038660547,315.03800990867444,True,False,False
211,Zone 3,13,55,Unmarried,3,250,High school degree,No,Female,No,No,No,Basic service,No,0,25,16.25,578.1382743566286,0.870453970823315,0.129546029176685,172.16431691724853,False,False,False
212,Zone 1,3,33,Unmarried,6,64,College degree,No,Male,No,No,No,Basic service,Yes,1,25,16.25,468.00480010196503,0.7709968244108042,0.2290031755891958,162.13869927888248,False,True,False
213,Zone 3,39,24,Married,2,26,High school degree,No,Male,No,No,No,Basic service,Yes,1,25,16.25,530.3396158530323,0.8263158045072334,0.1736841954927666,167.25526932686105,False,True,False
214,Zone 2,28,29,Unmarried,4,23,Some college,No,Male,No,Yes,Yes,E-service,No,0,35,22.75,709.5335012034911,0.8035323725075205,0.19646762749247948,230.64426934511977,False,True,False
215,Zone 2,46,42,Unmarried,9,52,College degree,No,Male,No,No,No,E-service,No,0,35,22.75,933.9998616835238,0.93551507355724,0.06448492644276005,250.30332921599532,False,False,False
216,Zone 2,62,46,Unmarried,27,200,Some college,No,Female,No,No,No,Basic service,No,0,25,16.25,668.9927856857657,0.936423681278626,0.06357631872137404,178.87006654943252,False,False,False
217,Zone 2,23,33,Married,7,28,Did not complete high school,No,Male,No,No,Yes,Plus service,No,0,45,29.25,1167.0208337921629,0.9240112275571851,0.07598877244281488,319.80772698551027,True,False,False
218,Zone 3,23,25,Married,5,19,Post-undergraduate degree,No,Male,Yes,Yes,Yes,Total service,Yes,1,60,39.0,1155.6400349249698,0.7780905211721826,0.22190947882781742,388.5811486591584,True,True,True
219,Zone 2,72,61,Married,39,76,Some college,No,Male,Yes,Yes,Yes,Total service,No,0,60,39.0,1762.483677710633,0.9787189899193568,0.021281010080643203,439.5698865485286,True,False,False
220,Zone 3,56,60,Unmarried,26,70,High school degree,No,Male,No,No,No,Basic service,No,0,25,16.25,698.492852163881,0.9564701113361717,0.04352988866382834,180.91934136261585,False,False,False
221,Zone 1,8,30,Unmarried,1,34,High school degree,No,Female,No,No,Yes,Plus service,No,0,45,29.25,975.7716076554206,0.8408197489030168,0.1591802510969832,304.50656499582306,False,False,False
222,Zone 3,3,36,Unmarried,7,34,Post-undergraduate degree,No,Female,Yes,No,Yes,Total service,No,0,60,39.0,1386.9610281644955,0.8821509925229593,0.11784900747704075,418.26947512184694,True,False,False
223,Zone 3,37,37,Unmarried,7,172,Some college,No,Male,No,No,No,Basic service,No,0,25,16.25,550.8476792494706,0.844340658148419,0.15565934185158103,169.20011484616538,False,False,False
224,Zone 3,37,53,Married,13,48,Did not complete high school,No,Male,No,No,Yes,Plus service,No,0,45,29.25,1300.7904639965914,0.9727790402001255,0.02722095979987449,328.65707778079656,True,False,False
225,Zone 2,6,30,Unmarried,9,45,High school degree,No,Female,No,No,No,Basic service,Yes,1,25,16.25,472.7246266387418,0.7714302769158503,0.2285697230841497,161.56264959885593,False,True,False
226,Zone 1,48,47,Unmarried,9,72,Some college,No,Male,Yes,No,Yes,Total service,Yes,1,60,39.0,1548.9542377137836,0.919883446195004,0.08011655380499605,425.2159755850007,True,False,False
227,Zone 2,43,43,Married,3,55,College degree,No,Female,Yes,Yes,Yes,Total service,No,0,60,39.0,1379.6159400509478,0.8649473242012928,0.13505267579870717,411.37843507320713,True,False,False
228,Zone 2,21,29,Unmarried,7,40,College degree,No,Female,No,Yes,Yes,Basic service,No,0,25,16.25,396.7821751014051,0.6844970052943695,0.3155029947056305,151.1333578267121,False,True,False
229,Zone 3,6,33,Unmarried,12,26,Some college,No,Male,Yes,Yes,Yes,Plus service,Yes,1,45,29.25,787.3757788433751,0.7310148100257217,0.26898518997427834,282.316360409513,False,True,False
230,Zone 2,69,51,Unmarried,18,96,Did not complete high school,No,Male,No,No,Yes,Plus service,No,0,45,29.25,1268.8955465772174,0.9603791645134941,0.039620835486505857,326.3555400457472,True,False,False
231,Zone 1,22,33,Unmarried,9,54,Did not complete high school,No,Male,No,No,Yes,Plus service,No,0,45,29.25,1097.5058814191973,0.8943554415652107,0.10564455843478926,314.2380275980252,True,False,False
232,Zone 1,28,40,Married,1,47,High school degree,No,Female,No,No,Yes,Plus service,No,0,45,29.25,1168.3753447126305,0.9238016306216795,0.07619836937832047,319.717988867295,True,False,False
233,Zone 1,71,47,Married,23,142,Did not complete high school,No,Male,No,No,No,E-service,No,0,35,22.75,1032.424265657698,0.9805830874324404,0.01941691256755962,256.6772053545108,True,False,False
234,Zone 2,7,37,Unmarried,5,57,College degree,No,Male,No,No,No,Basic service,No,0,25,16.25,487.9411950914563,0.7870350672488392,0.2129649327511608,163.24499833164788,False,True,False
235,Zone 1,63,29,Unmarried,10,20,Some college,No,Male,Yes,Yes,Yes,Total service,No,0,60,39.0,1307.9090708584915,0.8409001151582242,0.15909988484177584,405.2769574466008,True,False,False
236,Zone 2,53,57,Unmarried,25,37,Did not complete high school,No,Male,No,No,Yes,E-service,No,0,35,22.75,1034.7072321057065,0.9819488072293245,0.01805119277067546,256.87978621540105,True,False,False
237,Zone 2,50,52,Married,17,36,College degree,No,Male,Yes,No,Yes,Total service,No,0,60,39.0,1712.0247003240986,0.966265840053981,0.03373415994601903,436.59756531716727,True,False,False
238,Zone 2,39,31,Married,6,24,College degree,No,Male,No,No,Yes,Total service,No,0,60,39.0,1568.28464130544,0.92606987610047,0.07393012389953002,426.778894469326,True,False,False
239,Zone 3,16,19,Unmarried,0,21,High school degree,No,Female,No,No,No,Basic service,No,0,25,16.25,393.25806479486334,0.6783051562381263,0.32169484376187374,150.33054232974519,False,True,False
240,Zone 3,43,51,Married,15,186,Some college,No,Male,Yes,No,Yes,Total service,No,0,60,39.0,1695.3220335297362,0.9621327127107008,0.03786728728929922,435.6153353576653,True,False,False
241,Zone 3,44,31,Unmarried,12,30,Did not complete high school,No,Female,No,No,No,Basic service,No,0,25,16.25,559.8777237467037,0.8524349460983298,0.14756505390167018,170.07368002671956,False,False,False
242,Zone 2,72,66,Married,43,96,High school degree,No,Female,Yes,No,Yes,Total service,No,0,60,39.0,1833.5737922489964,0.995705764476488,0.004294235523512047,443.6163544460311,True,False,False
243,Zone 3,61,76,Unmarried,39,15,Did not complete high school,Yes,Male,No,No,Yes,Plus service,No,0,45,29.25,1377.055783591357,0.9963440472890834,0.0036559527109165657,332.82766558495666,True,False,False
244,Zone 3,43,21,Married,1,25,Did not complete high school,No,Male,No,Yes,Yes,E-service,Yes,1,35,22.75,750.4615587556636,0.8317164486971249,0.1682835513028751,234.98480088559165,False,False,False
245,Zone 3,24,39,Unmarried,11,49,Some college,No,Female,No,Yes,No,Basic service,No,0,25,16.25,465.4972261112084,0.7617939772397034,0.23820602276029657,160.0775774462865,False,True,False
246,Zone 3,64,45,Unmarried,4,38,High school degree,No,Female,Yes,No,Yes,Plus service,Yes,1,45,29.25,1119.8846458147952,0.9026312672311387,0.09736873276886127,315.67917892881815,True,False,False
247,Zone 2,64,38,Unmarried,0,29,High school degree,No,Male,No,No,No,E-service,No,0,35,22.75,888.4838047861402,0.911885762639005,0.088114237360995,246.87442404449655,False,False,False
248,Zone 1,24,26,Unmarried,7,55,High school degree,No,Female,No,No,No,Basic service,No,0,25,16.25,483.81685309663106,0.7805371936402216,0.21946280635977844,162.18472184872994,False,True,False
249,Zone 3,33,55,Married,21,64,Some college,No,Female,No,No,Yes,Basic service,No,0,25,16.25,701.7552233044528,0.9598482703550123,0.0401517296449877,181.2948673565112,False,False,False
250,Zone 2,33,33,Married,12,42,College degree,No,Female,Yes,No,No,E-service,No,0,35,22.75,910.0545715271454,0.9239860189474206,0.0760139810525794,248.67140975641598,False,False,False
251,Zone 1,2,40,Unmarried,9,134,College degree,No,Male,No,Yes,No,Basic service,No,0,25,16.25,390.77459826051205,0.677752253069826,0.322247746930174,151.4753172878727,False,True,False
252,Zone 2,42,48,Married,22,82,Did not complete high school,No,Female,No,Yes,Yes,Total service,No,0,60,39.0,1662.000450091651,0.9530747834556017,0.046925216544398296,433.41422600782266,True,False,False
253,Zone 1,52,54,Married,5,153,Post-undergraduate degree,No,Male,Yes,Yes,No,E-service,Yes,1,35,22.75,881.8506289790491,0.9083752911980055,0.09162470880199447,246.36672050707529,False,False,False
254,Zone 1,45,66,Unmarried,43,144,High school degree,No,Female,No,Yes,No,E-service,No,0,35,22.75,1050.3034075889843,0.988613566433643,0.011386433566357046,257.8122192963874,True,False,False
255,Zone 3,3,25,Unmarried,4,22,College degree,No,Male,Yes,Yes,Yes,Total service,Yes,1,60,39.0,824.4634080546379,0.6101215863780612,0.38987841362193876,341.7375491234363,False,True,False
256,Zone 2,37,53,Married,16,35,Did not complete high school,No,Female,No,No,Yes,Plus service,No,0,45,29.25,1312.816215998985,0.9768480918865797,0.023151908113420272,329.3887974024725,True,False,False
257,Zone 2,28,57,Unmarried,33,82,College degree,No,Female,Yes,Yes,Yes,E-service,Yes,1,35,22.75,971.1148306669968,0.9550711438251971,0.04492885617480291,253.15856955054542,False,False,False
258,Zone 3,40,63,Married,9,61,Did not complete high school,No,Male,No,No,No,Basic service,No,0,25,16.25,685.7552484669546,0.9486593093631251,0.05134069063687485,180.14279598267797,False,False,False
259,Zone 2,37,33,Unmarried,1,102,High school degree,No,Male,No,Yes,No,Total service,No,0,60,39.0,1247.3339205318705,0.8164920563697949,0.18350794363020506,398.8406087281047,True,True,True
260,Zone 3,7,27,Unmarried,5,31,Some college,No,Male,Yes,Yes,Yes,Total service,Yes,1,60,39.0,909.2964318691222,0.657651032842032,0.34234896715796803,354.8817354323663,False,True,False
261,Zone 1,71,56,Unmarried,23,170,Did not complete high school,No,Female,Yes,No,Yes,Total service,No,0,60,39.0,1707.2300813916415,0.9644519231076903,0.035548076892309655,436.1274047448642,True,False,False
262,Zone 2,19,46,Unmarried,11,26,High school degree,No,Female,No,Yes,No,Basic service,No,0,25,16.25,482.7976273873938,0.7790032629716626,0.22099673702833744,162.01148662162962,False,True,False
263,Zone 2,61,40,Unmarried,15,85,Some college,No,Female,No,No,Yes,Plus service,No,0,45,29.25,1207.5711001198454,0.9377392736376489,0.06226072636235114,322.2096809303897,True,False,False
264,Zone 3,70,53,Married,16,183,High school degree,No,Female,No,No,No,E-service,No,0,35,22.75,1028.165075558482,0.9787736767113069,0.021226323288693116,256.42440344450984,True,False,False
265,Zone 2,60,55,Married,13,67,Did not complete high school,No,Female,No,No,No,Basic service,No,0,25,16.25,680.3045645153255,0.9442208172117414,0.05577918278825855,179.66919781259168,False,False,False
266,Zone 3,48,45,Married,5,42,Did not complete high school,No,Female,No,No,No,Basic service,No,0,25,16.25,621.8700252825889,0.9023487705793974,0.09765122942060256,175.34953366769437,False,False,False
267,Zone 1,8,63,Married,1,31,Did not complete high school,No,Male,No,No,Yes,Plus service,No,0,45,29.25,1309.4521886902623,0.9812882446697503,0.018711755330249713,330.4793505815966,True,False,False
268,Zone 2,58,58,Married,10,96,High school degree,No,Male,No,No,No,Plus service,No,0,45,29.25,1302.1472343988705,0.972320371095102,0.027679628904897946,328.53414229310806,True,False,False
269,Zone 1,16,24,Married,5,24,Some college,No,Male,No,No,Yes,Plus service,No,0,45,29.25,1080.8030795346322,0.8882372278150352,0.11176277218496478,313.197100874182,True,False,False
270,Zone 2,33,33,Unmarried,4,53,High school degree,No,Female,No,No,No,Basic service,No,0,25,16.25,516.7223436391491,0.8133468649480623,0.1866531350519377,165.83225466834298,False,True,False
271,Zone 2,39,25,Unmarried,4,18,Did not complete high school,No,Female,No,No,No,Plus service,No,0,45,29.25,1030.7845209052975,0.8630284665323427,0.13697153346765734,308.1648333055377,True,False,False
272,Zone 1,62,51,Unmarried,10,43,College degree,No,Male,No,Yes,No,E-service,No,0,35,22.75,896.7456200499713,0.916197607557146,0.08380239244285403,247.5001181081538,False,False,False
273,Zone 1,50,34,Unmarried,10,104,Some college,No,Male,Yes,Yes,Yes,Total service,No,0,60,39.0,1300.402452280933,0.8373095784006286,0.16269042159937142,404.3043610956716,True,False,False
274,Zone 2,48,55,Unmarried,31,26,Did not complete high school,No,Male,No,No,No,Basic service,No,0,25,16.25,700.0125598242154,0.9577470694578064,0.04225293054219359,181.05603802016637,False,False,False
275,Zone 3,31,62,Unmarried,5,56,High school degree,No,Female,Yes,No,Yes,Plus service,No,0,45,29.25,1189.5667061464655,0.9320273771597642,0.06797262284023575,321.22725789831634,True,False,False
276,Zone 2,65,33,Married,9,49,High school degree,No,Male,No,No,Yes,E-service,No,0,35,22.75,951.9269947593118,0.9438941410969585,0.05610585890304154,251.48694455630158,False,False,False
277,Zone 1,36,58,Unmarried,34,80,Did not complete high school,No,Female,No,No,No,E-service,No,0,35,22.75,1057.500642837771,0.9917451692242782,0.008254830775721755,258.2520651460334,True,False,False
278,Zone 1,61,46,Unmarried,5,318,Some college,No,Female,Yes,No,Yes,Plus service,No,0,45,29.25,1127.1181241848813,0.9056104686256916,0.09438953137430839,316.23689193540935,True,False,False
279,Zone 2,48,42,Unmarried,21,35,College degree,No,Male,No,No,Yes,Plus service,No,0,45,29.25,1243.679623724589,0.9517379801677632,0.04826201983223677,324.8016805368462,True,False,False
280,Zone 3,35,45,Unmarried,17,29,Did not complete high school,No,Male,No,No,Yes,Basic service,No,0,25,16.25,619.3715438710758,0.9007275896354946,0.0992724103645054,175.19358719636077,False,False,False
281,Zone 1,51,28,Unmarried,8,43,Post-undergraduate degree,No,Male,Yes,Yes,Yes,Total service,No,0,60,39.0,1242.8245683497755,0.816158046332241,0.18384195366775902,398.832782876084,True,True,True
282,Zone 2,49,51,Married,5,80,Post-undergraduate degree,No,Male,Yes,Yes,Yes,Total service,Yes,1,60,39.0,1473.2556414633261,0.8962118870552858,0.10378811294471424,419.29776002490445,True,False,False
283,Zone 1,35,39,Married,11,30,Some college,No,Female,No,No,Yes,Plus service,Yes,1,45,29.25,1230.2958449953999,0.9474872646564213,0.0525127353435787,324.0606672624637,True,False,False
284,Zone 1,58,70,Unmarried,2,9,Some college,Yes,Female,No,Yes,No,E-service,No,0,35,22.75,930.1904389843905,0.9332975720511829,0.06670242794881709,249.97129230885034,False,False,False
285,Zone 1,23,35,Married,0,23,High school degree,No,Male,No,No,Yes,Plus service,No,0,45,29.25,1124.7162092047765,0.906146765958598,0.093853234041402,316.45698455245775,True,False,False
286,Zone 2,26,39,Married,15,58,College degree,No,Female,No,Yes,Yes,Plus service,No,0,45,29.25,1123.2027766151032,0.9050503584837081,0.09494964151629193,316.2175064397319,True,False,False
287,Zone 1,38,37,Married,1,52,Did not complete high school,No,Female,Yes,No,Yes,Total service,No,0,60,39.0,1480.9161063159543,0.8988118892323931,0.10118811076760692,419.9706612928621,True,False,False
288,Zone 1,35,66,Married,44,14,Some college,Yes,Female,No,No,Yes,Plus service,No,0,45,29.25,1384.9829040102197,0.9987560867116023,0.00124391328839768,333.25528934137884,True,False,False
289,Zone 2,37,50,Unmarried,9,110,High school degree,No,Female,No,No,Yes,Plus service,No,0,45,29.25,1212.315732783035,0.9404471823876324,0.05955281761236764,322.75588235359663,True,False,False
290,Zone 2,48,43,Married,1,60,High school degree,No,Male,No,No,No,E-service,No,0,35,22.75,949.1841580219735,0.9429685467848367,0.05703145321516334,251.37034313461558,False,False,False
291,Zone 3,13,43,Married,1,123,Some college,No,Male,No,Yes,Yes,Total service,No,0,60,39.0,1389.6452729930345,0.8712209432470784,0.12877905675292156,413.3918851254826,True,False,False
292,Zone 1,72,63,Married,29,15,Post-undergraduate degree,Yes,Male,No,No,Yes,Plus service,No,0,45,29.25,1361.768205175663,0.9916314001565093,0.008368599843490698,331.9900214132188,True,False,False
293,Zone 1,30,27,Unmarried,4,47,College degree,No,Female,No,Yes,No,E-service,Yes,1,35,22.75,704.3306444439485,0.8001748028642129,0.19982519713578706,230.1309595070078,False,True,False
294,Zone 1,24,43,Unmarried,14,138,College degree,No,Female,No,Yes,No,Plus service,No,0,45,29.25,1053.6337990211878,0.8740502844484971,0.12594971555150292,310.33476963265446,True,False,False
295,Zone 2,25,51,Married,20,359,Some college,No,Male,Yes,No,Yes,Total service,No,0,60,39.0,1734.462806071105,0.9739643670484128,0.026035632951587173,438.5687105258312,True,False,False
296,Zone 2,50,52,Unmarried,30,214,Some college,No,Male,Yes,Yes,Yes,Total service,No,0,60,39.0,1601.649185040719,0.9355285350029565,0.06447146499704348,429.08513071205033,True,False,False
297,Zone 2,28,40,Unmarried,7,64,Did not complete high school,No,Male,No,No,No,Plus service,No,0,45,29.25,1135.1745943343583,0.9099445893830262,0.09005541061697375,317.12260578300084,True,False,False
298,Zone 3,34,51,Unmarried,8,50,College degree,No,Male,Yes,No,No,Basic service,No,0,25,16.25,561.4516168037829,0.8534175720694083,0.14658242793059173,170.17530736246084,False,False,False
299,Zone 1,48,32,Unmarried,2,88,Some college,No,Male,Yes,Yes,Yes,Total service,No,0,60,39.0,1208.3274200903436,0.8026723779363938,0.1973276220636062,395.2941451124185,True,True,True
300,Zone 2,42,36,Married,8,86,High school degree,No,Female,No,No,No,E-service,No,0,35,22.75,952.3949405243883,0.9448137957674524,0.05518620423254761,251.64542687962236,False,False,False
301,Zone 3,67,65,Married,30,17,Did not complete high school,Yes,Female,No,No,Yes,Plus service,No,0,45,29.25,1366.6941584243095,0.9932008095369009,0.00679919046309907,332.2705970628397,True,False,False
302,Zone 1,17,41,Married,7,25,High school degree,No,Male,No,Yes,Yes,Plus service,No,0,45,29.25,1059.159749564526,0.8778710947464666,0.12212890525353337,311.1836702776795,True,False,False
303,Zone 1,29,38,Married,19,46,High school degree,No,Male,No,No,No,E-service,No,0,35,22.75,1005.867068144466,0.970893642151898,0.029106357848102005,255.38407908216473,False,False,False
304,Zone 3,66,61,Unmarried,26,361,Did not complete high school,No,Female,No,No,No,E-service,No,0,35,22.75,1042.4541303702129,0.9849008672583761,0.015099132741623889,257.28240805209515,True,False,False
305,Zone 2,1,21,Unmarried,1,18,Some college,No,Female,No,Yes,No,Basic service,Yes,1,25,16.25,214.46425780328943,0.3976475526335144,0.6023524473664856,112.76533083440262,False,True,False
306,Zone 1,28,33,Married,3,14,College degree,No,Male,No,Yes,Yes,Total service,Yes,1,60,39.0,1345.338136778752,0.852617121618739,0.14738287838126096,408.2297785813616,True,False,False
307,Zone 1,15,35,Married,5,34,Some college,No,Male,No,Yes,No,E-service,Yes,1,35,22.75,801.0341598975562,0.8644563349345363,0.13554366506546367,240.06418485804804,False,False,False
308,Zone 2,12,64,Unmarried,13,9,High school degree,Yes,Female,No,Yes,Yes,Plus service,No,0,45,29.25,1196.8614504751058,0.939746699202422,0.06025330079757796,322.9863029068857,True,False,False
309,Zone 3,48,49,Unmarried,18,39,High school degree,No,Female,Yes,No,Yes,Total service,Yes,1,60,39.0,1632.9956900042698,0.9446299368884944,0.05537006311150561,431.3284262929139,True,False,False
310,Zone 2,59,25,Married,4,18,Some college,No,Male,No,No,No,Basic service,No,0,25,16.25,568.2269398773052,0.8601362140656154,0.13986378593438464,170.90842427758912,False,False,False
311,Zone 3,8,26,Married,1,25,College degree,No,Male,No,Yes,No,Basic service,Yes,1,25,16.25,347.80123719214697,0.6160673109734415,0.3839326890265585,142.62298385791124,False,True,False
312,Zone 1,45,52,Unmarried,15,46,Post-undergraduate degree,No,Female,No,No,No,E-service,Yes,1,35,22.75,993.7762393492901,0.9642510205646826,0.03574897943531741,254.40486464491474,False,False,False
313,Zone 1,25,39,Married,8,94,College degree,No,Female,No,No,No,E-service,Yes,1,35,22.75,964.5616783614661,0.9523816962897554,0.04761830371024456,252.79589091768912,False,False,False
314,Zone 1,21,44,Married,4,26,Some college,No,Male,Yes,Yes,Yes,Total service,No,0,60,39.0,1333.6455721166253,0.8486757967394767,0.15132420326052332,407.2746542524308,True,False,False
315,Zone 2,17,68,Married,1,335,Did not complete high school,No,Female,Yes,No,Yes,Total service,No,0,60,39.0,1713.7847127353255,0.9702412859116473,0.029758714088352733,437.7954423207887,True,False,False
316,Zone 2,41,45,Unmarried,14,25,Some college,No,Male,No,Yes,Yes,Basic service,Yes,1,25,16.25,536.1344439965176,0.8316463759890608,0.16835362401093923,167.83548248733774,False,False,False
317,Zone 1,13,45,Married,3,99,Some college,No,Female,Yes,Yes,Yes,Plus service,Yes,1,45,29.25,948.6630066904869,0.823554767762754,0.17644523223724595,300.6968229734271,False,True,False
318,Zone 2,1,26,Married,3,30,High school degree,No,Female,No,No,No,Basic service,Yes,1,25,16.25,485.1038890616683,0.7977784318191339,0.20222156818086612,166.26851071078997,False,True,False
319,Zone 3,3,31,Married,4,35,High school degree,No,Female,Yes,Yes,Yes,Total service,Yes,1,60,39.0,1107.8809821515144,0.7636612931766679,0.23633870682333213,387.1033604470631,True,True,True
320,Zone 1,23,27,Married,2,51,Post-undergraduate degree,No,Female,Yes,No,No,Basic service,Yes,1,25,16.25,465.3637509833277,0.7614820445938311,0.23851795540616894,160.03846629545092,False,True,False
321,Zone 3,26,42,Unmarried,20,49,Some college,No,Male,Yes,Yes,Yes,Total service,Yes,1,60,39.0,1393.702988353314,0.8699731701044343,0.1300268298955657,412.7126016397595,True,False,False
322,Zone 1,37,51,Married,15,54,Did not complete high school,No,Male,No,No,No,Plus service,No,0,45,29.25,1302.0103195002168,0.97319581187506,0.02680418812494001,328.73215912346353,True,False,False
323,Zone 3,5,30,Unmarried,3,46,College degree,No,Male,No,Yes,No,E-service,Yes,1,35,22.75,633.4919807638595,0.7496202687574935,0.25037973124250645,222.83852873865067,False,True,False
324,Zone 1,32,27,Married,3,91,College degree,No,Female,Yes,Yes,No,Total service,Yes,1,60,39.0,1201.334633079154,0.7979709715894897,0.2020290284105103,393.9388689043235,True,True,True
325,Zone 3,12,22,Unmarried,1,23,College degree,No,Male,No,No,Yes,Basic service,No,0,25,16.25,395.8945308769552,0.680177644700363,0.319822355299637,150.52578072093868,False,True,False
326,Zone 1,72,54,Married,6,345,Did not complete high school,No,Male,No,No,No,Plus service,No,0,45,29.25,1273.370486781279,0.9619309469299447,0.03806905307005526,326.63619001034067,True,False,False
327,Zone 3,3,25,Married,2,45,College degree,No,Female,No,Yes,No,Basic service,Yes,1,25,16.25,322.6309301032989,0.5792483361482309,0.4207516638517691,138.3054720994919,False,True,False
328,Zone 1,54,43,Unmarried,12,53,High school degree,No,Male,No,No,Yes,Plus service,No,0,45,29.25,1201.620421609753,0.9355737674924556,0.06442623250754442,321.81668445712313,True,False,False
329,Zone 2,26,26,Unmarried,2,14,High school degree,No,Female,No,Yes,Yes,Total service,Yes,1,60,39.0,1138.4157245132621,0.7712300505845708,0.22876994941542916,386.7543819035102,True,True,True
330,Zone 3,14,36,Unmarried,13,67,Post-undergraduate degree,No,Female,No,Yes,No,Basic service,No,0,25,16.25,432.25695915664414,0.7237926422951679,0.27620735770483207,155.6932265046367,False,True,False
331,Zone 3,22,51,Unmarried,27,49,Some college,No,Male,No,No,Yes,Basic service,No,0,25,16.25,677.1323783234881,0.9448589406983574,0.05514105930164259,179.82168796040034,False,False,False
332,Zone 3,65,47,Married,18,37,Did not complete high school,No,Female,No,No,No,Basic service,No,0,25,16.25,676.3031773651145,0.9414131401505815,0.05858685984941847,179.37992517008965,False,False,False
333,Zone 3,26,45,Unmarried,18,33,Did not complete high school,No,Male,No,No,No,Basic service,No,0,25,16.25,618.2971134996643,0.9005918673391421,0.0994081326608579,175.20847994652175,False,False,False
334,Zone 1,20,37,Unmarried,5,46,Some college,No,Female,Yes,Yes,Yes,Total service,No,0,60,39.0,1135.2796128199896,0.7690287738347045,0.23097122616529553,386.1247814354999,True,True,True
335,Zone 2,67,60,Married,32,93,Did not complete high school,No,Male,No,No,No,E-service,No,0,35,22.75,1065.3004553785147,0.9941025878289869,0.005897412171013139,258.5569096712532,True,False,False
336,Zone 1,34,55,Unmarried,2,48,High school degree,No,Male,No,No,No,Basic service,No,0,25,16.25,591.4847339004177,0.8785784530297874,0.12142154697021257,172.85973486854286,False,False,False
337,Zone 1,37,54,Married,35,183,High school degree,No,Male,No,No,No,Plus service,No,0,45,29.25,1365.8201657094503,0.9935152217906679,0.0064847782093321316,332.3470182806039,True,False,False
338,Zone 2,22,23,Married,3,16,Did not complete high school,No,Male,No,No,No,Basic service,No,0,25,16.25,498.4379405702361,0.794914368806463,0.20508563119353695,163.7882507837657,False,True,False
339,Zone 2,5,69,Unmarried,0,11,High school degree,Yes,Male,No,No,No,Basic service,No,0,25,16.25,634.2605926684191,0.9239835118416245,0.07601648815837547,178.20554341522632,False,False,False
340,Zone 1,28,31,Married,0,42,College degree,No,Female,No,No,No,Plus service,No,0,45,29.25,1101.5399798132157,0.8953831335443502,0.10461686645564983,314.37279903578735,True,False,False
341,Zone 1,20,41,Married,7,67,College degree,No,Female,No,No,No,Basic service,No,0,25,16.25,595.6391756116951,0.8832203743291388,0.1167796256708612,173.41434647682885,False,False,False
342,Zone 3,72,41,Unmarried,20,181,College degree,No,Male,Yes,Yes,No,Total service,No,0,60,39.0,1481.6080187500006,0.899128045989321,0.10087195401067905,420.0342546324079,True,False,False
343,Zone 2,30,43,Unmarried,18,53,College degree,No,Male,No,Yes,No,Basic service,No,0,25,16.25,527.6502132513552,0.8232221609327519,0.1767778390672481,166.90763012040634,False,True,False
344,Zone 3,71,52,Unmarried,17,172,High school degree,No,Male,Yes,Yes,Yes,Total service,No,0,60,39.0,1526.2370572789678,0.9128778730242438,0.08712212697575616,423.4603882432949,True,False,False
345,Zone 2,56,44,Unmarried,24,87,High school degree,No,Male,No,No,Yes,Plus service,No,0,45,29.25,1267.4865532196588,0.9601666223107203,0.03983337768927975,326.32948961453803,True,False,False
346,Zone 1,8,29,Married,2,21,Post-undergraduate degree,No,Male,No,No,No,Basic service,Yes,1,25,16.25,493.3150484938277,0.7919527101909636,0.20804728980903642,163.72429594388564,False,True,False
347,Zone 2,32,65,Unmarried,6,9,High school degree,Yes,Female,No,Yes,No,E-service,No,0,35,22.75,918.0425633955618,0.9282324362103713,0.07176756378962867,249.29055396575018,False,False,False
348,Zone 2,46,47,Unmarried,22,144,Some college,No,Female,No,No,Yes,Plus service,Yes,1,45,29.25,1269.8204301703258,0.9613809491534636,0.038619050846536385,326.5676250209252,True,False,False
349,Zone 3,60,45,Married,23,117,College degree,No,Male,Yes,Yes,Yes,Total service,No,0,60,39.0,1589.9708474685794,0.9319126004536692,0.0680873995463308,428.17841866265843,True,False,False
350,Zone 2,42,32,Married,0,59,College degree,No,Female,Yes,Yes,Yes,Total service,No,0,60,39.0,1258.8796285014002,0.8213388844666667,0.1786611155333333,400.1309603328023,True,True,True
351,Zone 3,71,60,Married,39,508,College degree,No,Male,Yes,No,Yes,Total service,No,0,60,39.0,1817.8773603846198,0.9921495230289913,0.007850476971008713,442.776669344115,True,False,False
352,Zone 2,72,63,Married,40,222,High school degree,Yes,Female,No,No,Yes,Plus service,No,0,45,29.25,1376.1379933386982,0.9959890896702797,0.004010910329720341,332.7622793944184,True,False,False
353,Zone 3,45,66,Unmarried,11,87,Some college,Yes,Female,No,No,No,Basic service,No,0,25,16.25,667.6404192703802,0.9359039096981326,0.06409609030186736,178.8292326356048,False,False,False
354,Zone 3,5,31,Unmarried,4,34,Did not complete high school,No,Male,Yes,No,Yes,Plus service,Yes,1,45,29.25,903.9356673310848,0.804471843237802,0.19552815676219804,297.8337613409726,False,True,False
355,Zone 2,17,38,Married,19,18,College degree,No,Female,No,No,No,E-service,No,0,35,22.75,1012.5264154994879,0.9757304683360918,0.024269531663908217,256.1368100141645,False,False,False
356,Zone 2,70,55,Unmarried,12,65,Some college,No,Male,Yes,No,Yes,Plus service,No,0,45,29.25,1213.5474295186307,0.9399153806260625,0.0600846193739375,322.6052247548325,True,False,False
357,Zone 3,57,57,Married,19,130,Some college,No,Female,No,Yes,No,E-service,No,0,35,22.75,992.9050296409114,0.9633988392248416,0.0366011607751584,254.26870011984394,False,False,False
358,Zone 1,20,33,Unmarried,13,44,Some college,No,Female,No,No,Yes,E-service,No,0,35,22.75,907.3934512842862,0.924507678654067,0.07549232134593298,248.8464064549982,False,False,False
359,Zone 1,72,52,Married,21,63,Did not complete high school,No,Male,No,No,Yes,Plus service,No,0,45,29.25,1320.9857478088607,0.9784249930402552,0.02157500695974479,329.6244512701285,True,False,False
360,Zone 3,32,50,Unmarried,28,57,College degree,No,Male,No,No,Yes,Plus service,No,0,45,29.25,1310.95426007633,0.9765972365940613,0.02340276340593872,329.36081034059885,True,False,False
361,Zone 3,22,57,Married,7,264,Did not complete high school,No,Female,No,No,Yes,Plus service,No,0,45,29.25,1296.6085882011978,0.9729935210904442,0.027006478909555764,328.77701095869645,True,False,False
362,Zone 2,6,24,Unmarried,2,28,Did not complete high school,No,Male,No,No,Yes,Plus service,Yes,1,45,29.25,924.0806958669423,0.8146493764279856,0.18535062357201437,299.6324861755167,False,True,False
363,Zone 3,32,23,Married,2,26,Some college,No,Female,Yes,Yes,Yes,Total service,No,0,60,39.0,1155.313983379783,0.7792707744929486,0.22072922550705143,388.96867926544434,True,True,True
364,Zone 1,38,33,Unmarried,3,38,College degree,No,Male,No,Yes,No,E-service,No,0,35,22.75,749.7493693692678,0.8308953228625786,0.1691046771374214,234.84974773911406,False,True,False
365,Zone 1,53,35,Unmarried,15,59,Some college,No,Female,No,No,Yes,Plus service,No,0,45,29.25,1179.1338201042138,0.926770467426444,0.07322953257355602,320.1870248703659,True,False,False
366,Zone 3,37,76,Unmarried,38,117,College degree,No,Female,No,No,No,Basic service,No,0,25,16.25,751.7677275590916,0.9897684337867174,0.010231566213282584,184.27165938590102,False,False,False
367,Zone 1,47,35,Married,13,70,College degree,No,Female,Yes,Yes,No,Total service,Yes,1,60,39.0,1418.9521775159583,0.8784042368405365,0.12159576315946352,414.8036502160374,True,False,False
368,Zone 3,69,59,Unmarried,37,104,High school degree,No,Male,Yes,No,Yes,Plus service,No,0,45,29.25,1327.3410351602101,0.9805962825055379,0.019403717494462125,330.01717850875167,True,False,False
369,Zone 3,63,56,Unmarried,17,71,Some college,No,Female,No,No,No,Basic service,No,0,25,16.25,665.0178180286654,0.9336472555196522,0.06635274448034778,178.5847673135219,False,False,False
370,Zone 1,61,34,Married,0,70,Some college,No,Female,Yes,Yes,Yes,Total service,Yes,1,60,39.0,1338.5334738442807,0.8515349846913723,0.14846501530862766,407.9920089026624,True,False,False
371,Zone 1,56,38,Married,8,56,College degree,No,Male,No,Yes,No,Total service,No,0,60,39.0,1496.8788838579746,0.9037270753081147,0.09627292469188531,421.1790737353099,True,False,False
372,Zone 3,40,57,Married,18,68,Did not complete high school,No,Male,No,No,No,Plus service,No,0,45,29.25,1330.6614074830036,0.9825529595079553,0.017447040492044708,330.4024575239364,True,False,False
373,Zone 2,61,45,Unmarried,21,80,High school degree,No,Female,No,No,No,E-service,No,0,35,22.75,993.7768544666205,0.9636920279071213,0.036307972092878726,254.3066743933586,False,False,False
374,Zone 2,16,26,Unmarried,7,21,College degree,No,Male,Yes,Yes,Yes,Total service,No,0,60,39.0,1012.0602615063801,0.712057420396901,0.287942579603099,370.3721745617252,False,True,False
375,Zone 2,7,43,Unmarried,4,69,Some college,No,Female,No,No,No,Basic service,No,0,25,16.25,516.3616368315719,0.8165436801375331,0.1834563198624669,166.56873280905972,False,True,False
376,Zone 3,20,31,Married,10,39,High school degree,No,Female,No,No,No,Basic service,No,0,25,16.25,567.149037159001,0.8589312624161062,0.14106873758389382,170.8137930991329,False,False,False
377,Zone 2,35,38,Unmarried,7,90,High school degree,No,Male,No,Yes,No,E-service,No,0,35,22.75,792.7070425748994,0.8575151476154154,0.14248485238458464,238.85992992152805,False,False,False
378,Zone 1,60,37,Married,12,64,Post-undergraduate degree,No,Female,No,No,No,E-service,No,0,35,22.75,974.895161340366,0.9549595555450954,0.04504044445490463,253.06867674980617,False,False,False
379,Zone 2,47,25,Unmarried,2,28,High school degree,No,Male,Yes,No,Yes,Total service,No,0,60,39.0,1318.6437198702727,0.8436759708890507,0.15632402911094934,405.93356110748425,True,False,False
380,Zone 2,33,28,Married,3,24,High school degree,No,Female,No,No,No,Basic service,No,0,25,16.25,539.3382363304527,0.8339846245151366,0.16601537548486345,168.0794421826407,False,False,False
381,Zone 3,12,34,Unmarried,2,44,High school degree,No,Male,No,No,No,Basic service,No,0,25,16.25,462.4637661423545,0.7574706458333174,0.24252935416668264,159.62130776742387,False,True,False
382,Zone 1,10,31,Unmarried,0,32,College degree,No,Female,No,Yes,No,E-service,Yes,1,35,22.75,629.4296142988367,0.7434478636466688,0.2565521363533312,221.26849899629704,False,True,False
383,Zone 2,69,33,Married,9,52,College degree,No,Female,No,No,Yes,Plus service,No,0,45,29.25,1203.7721577620666,0.9361908108635065,0.06380918913649347,321.9191227004504,True,False,False
384,Zone 1,23,20,Unmarried,1,15,Some college,No,Female,No,No,No,E-service,No,0,35,22.75,752.5071130340538,0.8321034620247062,0.1678965379752938,235.03941169817966,False,False,False
385,Zone 1,53,31,Unmarried,10,46,Some college,No,Male,No,Yes,No,E-service,No,0,35,22.75,806.0709308031733,0.8660554641637495,0.13394453583625054,240.14328435286706,False,False,False
386,Zone 2,60,57,Married,14,107,High school degree,No,Female,No,No,Yes,Plus service,No,0,45,29.25,1313.2161269264661,0.9760472588114165,0.023952741188583482,329.205138270789,True,False,False
387,Zone 2,33,33,Unmarried,7,56,High school degree,No,Male,No,No,No,Basic service,No,0,25,16.25,529.8851478644435,0.8254562652686865,0.17454373473131346,167.15342223040292,False,True,False
388,Zone 3,67,40,Married,21,40,College degree,No,Female,Yes,Yes,Yes,Total service,No,0,60,39.0,1551.3204982694713,0.9204288227271903,0.07957117727280971,425.33441887981434,True,False,False
389,Zone 3,15,38,Married,5,56,Some college,No,Male,No,No,Yes,Plus service,No,0,45,29.25,1186.6118959825392,0.9342417184846108,0.0657582815153892,321.8665282138386,True,False,False
390,Zone 3,64,31,Married,5,46,High school degree,No,Female,Yes,Yes,Yes,E-service,No,0,35,22.75,803.13226368815,0.864806096657923,0.13519390334207704,239.97103971567762,False,False,False
391,Zone 2,46,49,Married,13,51,High school degree,No,Male,No,No,No,Basic service,Yes,1,25,16.25,660.917502114008,0.9311188315880357,0.06888116841196434,178.33576796752882,False,False,False
392,Zone 2,72,60,Married,33,12,Did not complete high school,Yes,Male,Yes,No,Yes,Total service,No,0,60,39.0,1803.122006566284,0.9886734355054492,0.011326564494550828,441.95059675611645,True,False,False
393,Zone 1,61,43,Married,6,34,Post-undergraduate degree,No,Male,Yes,Yes,Yes,Total service,Yes,1,60,39.0,1447.517877573554,0.8880785878175139,0.11192141218248608,417.25545257893083,True,False,False
394,Zone 3,54,27,Unmarried,3,27,High school degree,No,Female,Yes,Yes,No,Total service,No,0,60,39.0,1206.680534224856,0.8027282031926171,0.19727179680738294,395.3515465568848,True,True,True
395,Zone 3,28,36,Unmarried,3,42,Some college,No,Female,No,Yes,Yes,Plus service,No,0,45,29.25,917.084188175903,0.806092223452121,0.19390777654787905,297.0504888693494,False,True,False
396,Zone 2,28,38,Unmarried,8,119,Post-undergraduate degree,No,Male,Yes,Yes,No,Total service,Yes,1,60,39.0,1224.931428599979,0.8069457140608797,0.19305428593912033,396.29290311443003,True,True,True
397,Zone 2,32,43,Unmarried,13,146,Did not complete high school,No,Female,No,No,Yes,Plus service,No,0,45,29.25,1198.516757483518,0.9354758061136539,0.06452419388634612,321.8604952696364,True,False,False
398,Zone 2,52,46,Unmarried,17,51,High school degree,No,Female,No,No,No,E-service,No,0,35,22.75,982.3886222757089,0.9587000509632663,0.04129994903673373,253.60824803846037,False,False,False
399,Zone 1,48,62,Unmarried,33,86,Did not complete high school,Yes,Female,Yes,No,Yes,Plus service,No,0,45,29.25,1326.3123624307482,0.9807898741186851,0.019210125881314877,330.07282093415586,True,False,False
400,Zone 3,52,42,Married,17,27,Some college,No,Female,No,Yes,Yes,Plus service,No,0,45,29.25,1175.5587304629187,0.9253669361775181,0.07463306382248192,319.92745648055546,True,False,False
401,Zone 1,37,43,Unmarried,8,38,Some college,No,Male,No,No,No,E-service,No,0,35,22.75,930.3575757058677,0.9341427895597538,0.06585721044024617,250.12565573649528,False,False,False
402,Zone 1,41,52,Unmarried,26,928,Some college,No,Male,Yes,No,Yes,Plus service,No,0,45,29.25,1263.956384402779,0.9595311289917323,0.04046887100826768,326.24308333110235,True,False,False
403,Zone 2,43,27,Married,3,21,High school degree,No,Female,No,No,No,E-service,No,0,35,22.75,891.4952796559663,0.913659865415066,0.08634013458493395,247.14496942806664,False,False,False
404,Zone 3,67,60,Unmarried,24,24,Did not complete high school,No,Female,Yes,No,Yes,Plus service,No,0,45,29.25,1285.739903910076,0.9663995544218534,0.033600445578146565,327.4524211291556,True,False,False
405,Zone 3,61,52,Married,30,91,Did not complete high school,No,Female,No,No,No,Basic service,No,0,25,16.25,716.9458246061881,0.9682017384162965,0.03179826158370347,182.10274745339478,False,False,False
406,Zone 3,70,39,Married,20,38,High school degree,No,Female,No,No,No,Plus service,No,0,45,29.25,1277.9712753799458,0.9636001204868921,0.03639987951310786,326.941323875711,True,False,False
407,Zone 3,44,32,Married,1,96,College degree,No,Female,Yes,Yes,Yes,Total service,No,0,60,39.0,1276.0602521300764,0.8279329050328404,0.17206709496715955,401.8543937725199,True,True,True
408,Zone 3,46,45,Unmarried,12,96,Some college,No,Male,No,Yes,No,E-service,No,0,35,22.75,868.5961300232677,0.9012631452541291,0.0987368547458709,245.3319442432819,False,False,False
409,Zone 3,39,34,Unmarried,2,54,Some college,No,Male,No,No,No,Basic service,No,0,25,16.25,522.7026429681456,0.8194038959127948,0.18059610408720517,166.50476471444458,False,True,False
410,Zone 2,39,59,Unmarried,20,1668,College degree,No,Female,Yes,Yes,No,E-service,No,0,35,22.75,917.3556565799167,0.9273728951245672,0.07262710487543278,249.14286599470748,False,False,False
411,Zone 2,50,29,Married,10,53,College degree,No,Female,Yes,No,Yes,Total service,No,0,60,39.0,1518.3707302206112,0.9104516523276275,0.08954834767237252,422.86343232375356,True,False,False
412,Zone 3,5,31,Unmarried,1,21,Some college,No,Female,No,No,No,Basic service,Yes,1,25,16.25,419.53270964082037,0.710183101911376,0.289816898088624,154.48689240990325,False,True,False
413,Zone 2,10,34,Unmarried,1,52,Post-undergraduate degree,No,Female,No,Yes,No,E-service,Yes,1,35,22.75,661.3137064779999,0.7686258803120775,0.23137411968792254,225.34299640786787,False,True,False
414,Zone 1,72,69,Unmarried,45,17,Some college,Yes,Female,No,No,No,E-service,No,0,35,22.75,1073.1255265201016,0.9970410351901389,0.002958964809861131,258.9592879317904,True,False,False
415,Zone 2,68,60,Unmarried,40,262,High school degree,No,Female,No,No,Yes,Plus service,No,0,45,29.25,1358.8846768259955,0.990782919571638,0.009217080428362001,331.8407411798775,True,False,False
416,Zone 3,58,28,Unmarried,5,34,Post-undergraduate degree,No,Female,Yes,Yes,No,E-service,No,0,35,22.75,732.8151420725636,0.8218167310470583,0.17818326895294168,233.53116834386867,False,True,False
417,Zone 3,18,44,Married,10,107,Did not complete high school,No,Female,No,No,No,Basic service,No,0,25,16.25,622.4951617780174,0.9054217112322664,0.09457828876773355,175.78135683783947,False,False,False
418,Zone 1,65,45,Married,25,67,Post-undergraduate degree,No,Female,No,No,No,Plus service,No,0,45,29.25,1315.2606727599996,0.9766256093244353,0.023374390675564682,329.30499751930716,True,False,False
419,Zone 3,8,45,Unmarried,1,37,College degree,No,Male,No,Yes,No,E-service,Yes,1,35,22.75,743.5297826718129,0.8302136465401397,0.16978635345986026,235.20577930406688,False,True,False
420,Zone 2,1,20,Unmarried,1,21,High school degree,No,Female,Yes,No,No,Basic service,Yes,1,25,16.25,271.0067681651618,0.49811931770547985,0.5018806822945201,128.23334321221148,False,True,False
421,Zone 3,42,58,Unmarried,7,22,Did not complete high school,No,Female,No,No,No,E-service,No,0,35,22.75,983.211739379358,0.9595349336952176,0.040465066304782416,253.74297653738046,False,False,False
422,Zone 1,4,25,Married,3,71,Some college,No,Female,Yes,Yes,No,Basic service,No,0,25,16.25,273.3061932857855,0.5021135221239681,0.4978864778760319,127.51228057747107,False,True,False
423,Zone 3,17,35,Unmarried,4,77,Some college,No,Female,No,No,Yes,Plus service,No,0,45,29.25,1062.4356851365192,0.8794085082907918,0.12059149170920824,311.4789369885714,True,False,False
424,Zone 2,8,24,Married,1,18,College degree,No,Female,Yes,Yes,Yes,Total service,Yes,1,60,39.0,978.8399760421053,0.6944549207764603,0.3055450792235397,365.5655530981683,False,True,False
425,Zone 1,49,37,Married,17,50,High school degree,No,Female,No,No,No,E-service,No,0,35,22.75,992.1889354010899,0.9633448928331839,0.03665510716681608,254.2704354954994,False,False,False
426,Zone 1,56,46,Married,21,33,College degree,No,Male,No,Yes,No,E-service,No,0,35,22.75,965.9859450443454,0.9508398434824612,0.0491601565175388,252.48562539048604,False,False,False
427,Zone 1,62,57,Married,21,94,Did not complete high school,No,Male,No,No,Yes,Total service,No,0,60,39.0,1789.8818724619405,0.9856575862061057,0.014342413793894337,441.23976421482837,True,False,False
428,Zone 2,42,57,Married,25,209,Did not complete high school,No,Female,No,No,No,Basic service,No,0,25,16.25,716.1158657372681,0.9683924967106197,0.031607503289380334,182.13914516301213,False,False,False
429,Zone 1,13,32,Unmarried,7,31,College degree,No,Male,Yes,No,Yes,Plus service,No,0,45,29.25,963.4046747186729,0.8313885637714049,0.1686114362285951,302.25212500436857,False,False,False
430,Zone 1,69,46,Married,18,66,High school degree,No,Male,No,No,No,E-service,No,0,35,22.75,1018.246222393319,0.9744808295078361,0.0255191704921639,255.8226401924985,False,False,False
431,Zone 2,45,59,Unmarried,14,51,Did not complete high school,No,Male,No,No,No,Basic service,No,0,25,16.25,657.6379108773425,0.9288167754744874,0.07118322452551262,178.09959898818772,False,False,False
432,Zone 2,66,42,Married,18,118,High school degree,No,Male,No,No,No,E-service,No,0,35,22.75,1008.8560600930011,0.9703869831232722,0.029613016876727793,255.2483880945661,False,False,False
433,Zone 2,15,35,Unmarried,10,25,High school degree,No,Male,No,Yes,No,Basic service,Yes,1,25,16.25,414.4761406510136,0.7033842822171216,0.29661571778287843,153.29782062523736,False,True,False
434,Zone 1,41,44,Married,1,59,Some college,No,Female,Yes,Yes,No,E-service,No,0,35,22.75,802.9690022268938,0.8638204437408329,0.1361795562591671,239.8021564112356,False,False,False
435,Zone 2,11,20,Unmarried,1,20,High school degree,No,Female,Yes,Yes,Yes,Total service,Yes,1,60,39.0,817.0571397447106,0.6074525661248309,0.3925474338751691,339.7471145380197,False,True,False
436,Zone 3,45,30,Married,0,63,Post-undergraduate degree,No,Male,Yes,Yes,Yes,Total service,Yes,1,60,39.0,1255.1325653713156,0.8202068569924698,0.17979314300753024,399.85202891209946,True,True,True
437,Zone 1,52,62,Unmarried,23,36,College degree,No,Male,No,No,No,Basic service,No,0,25,16.25,694.6979517805287,0.9540933055339722,0.0459066944660278,180.68107604755198,False,False,False
438,Zone 1,42,56,Unmarried,24,72,College degree,No,Female,Yes,Yes,Yes,Total service,No,0,60,39.0,1575.2020586763508,0.9280026275009492,0.0719973724990508,427.2466375871858,True,False,False
439,Zone 2,48,35,Unmarried,11,50,Did not complete high school,No,Male,Yes,No,No,Plus service,No,0,45,29.25,1089.049032957509,0.8893506830208209,0.11064931697917912,313.1782587219704,True,False,False
440,Zone 3,4,31,Unmarried,5,39,High school degree,No,Male,Yes,Yes,Yes,Total service,Yes,1,60,39.0,939.0619710455782,0.6751287267063467,0.3248712732936533,360.9391899939902,False,True,False
441,Zone 3,53,64,Married,10,54,High school degree,No,Female,Yes,Yes,Yes,Total service,No,0,60,39.0,1608.5633863297526,0.9374560107612767,0.06254398923872329,429.55426278839616,True,False,False
442,Zone 3,1,59,Unmarried,4,9,Did not complete high school,Yes,Male,No,No,Yes,Plus service,No,0,45,29.25,1270.326620712173,0.9771479439831544,0.02285205601684559,330.4417737231081,True,False,False
443,Zone 3,19,30,Married,10,33,College degree,No,Male,Yes,Yes,Yes,Total service,No,0,60,39.0,1250.4207815365662,0.8168027488253092,0.18319725117469077,398.9412606698942,True,True,True
444,Zone 2,33,30,Unmarried,11,28,Did not complete high school,No,Male,No,No,Yes,Basic service,No,0,25,16.25,536.2201994115196,0.8311869578155863,0.16881304218441373,167.77607302395776,False,True,False
445,Zone 3,42,36,Married,14,44,High school degree,No,Male,No,No,Yes,Plus service,No,0,45,29.25,1233.5435062175143,0.9482343867796371,0.05176561322036288,324.1730197635841,True,False,False
446,Zone 1,60,32,Unmarried,12,34,College degree,No,Female,No,No,No,E-service,No,0,35,22.75,915.8346684492938,0.9260286078410458,0.07397139215895421,248.92269991980345,False,False,False
447,Zone 2,57,51,Married,7,68,College degree,No,Female,No,No,Yes,Plus service,No,0,45,29.25,1264.8123401885123,0.9591731261890497,0.04082687381095029,326.14703924395593,True,False,False
448,Zone 1,64,39,Unmarried,5,37,Did not complete high school,No,Male,No,No,No,Basic service,No,0,25,16.25,581.92443578864,0.8714604682596094,0.12853953174039057,172.11074298612544,False,False,False
449,Zone 2,28,20,Married,1,18,Some college,No,Male,Yes,Yes,No,Total service,No,0,60,39.0,1093.838479256688,0.752423935999089,0.24757606400091103,381.6959128122257,True,True,True
450,Zone 1,29,35,Married,10,55,High school degree,No,Male,No,No,Yes,Plus service,Yes,1,45,29.25,1201.8823312967631,0.9371285995228459,0.06287140047715412,322.1855685876267,True,False,False
451,Zone 1,46,31,Married,12,21,Did not complete high school,No,Male,No,No,Yes,Plus service,No,0,45,29.25,1198.5911913796242,0.9346303708027364,0.06536962919726363,321.65487333884465,True,False,False
452,Zone 1,22,41,Married,9,29,Some college,No,Male,No,No,No,Basic service,Yes,1,25,16.25,606.7488039330373,0.8919552443269215,0.10804475567307847,174.32313850111126,False,False,False
453,Zone 2,10,56,Unmarried,26,9,High school degree,Yes,Male,No,No,No,Basic service,No,0,25,16.25,696.2023031214604,0.961923919909266,0.038076080090734044,181.70036879789805,False,False,False
454,Zone 3,50,41,Unmarried,16,138,High school degree,No,Female,No,No,No,E-service,Yes,1,35,22.75,961.7087640512487,0.9489782327149316,0.05102176728506835,252.22697047900047,False,False,False
455,Zone 1,55,65,Unmarried,34,28,College degree,Yes,Female,Yes,No,Yes,Total service,No,0,60,39.0,1791.251968081571,0.9861398285982592,0.013860171401740784,441.36229018312395,True,False,False
456,Zone 2,15,54,Unmarried,7,62,Did not complete high school,No,Male,No,No,No,Basic service,No,0,25,16.25,596.5344907036057,0.8853359921408661,0.11466400785913389,173.70838054881224,False,False,False
457,Zone 1,31,32,Married,13,37,Some college,No,Female,Yes,Yes,Yes,Total service,No,0,60,39.0,1350.607650413608,0.8545029003094882,0.14549709969051183,408.70547958566334,True,False,False
458,Zone 3,5,44,Unmarried,5,83,Did not complete high school,No,Female,No,No,No,E-service,Yes,1,35,22.75,931.1049157560516,0.9461493614535099,0.05385063854649008,252.54732862400658,False,False,False
459,Zone 2,69,63,Unmarried,28,168,Did not complete high school,No,Female,No,No,Yes,Plus service,No,0,45,29.25,1338.119979149637,0.9841422995898848,0.01585770041011525,330.6538909891287,True,False,False
460,Zone 2,26,27,Married,4,33,College degree,No,Male,Yes,Yes,Yes,Total service,Yes,1,60,39.0,1180.945619676307,0.7889932069801519,0.21100679301984815,391.51714878207713,True,True,True
461,Zone 3,10,33,Married,2,66,Some college,No,Female,No,Yes,Yes,Basic service,Yes,1,25,16.25,398.9525521424226,0.6835174817823133,0.3164825182176867,150.94154782018816,False,True,False
462,Zone 1,26,30,Unmarried,9,18,College degree,No,Male,Yes,No,Yes,Total service,Yes,1,60,39.0,1366.5562813891104,0.8603360511221236,0.13966394887787636,410.235041318507,True,False,False
463,Zone 3,25,30,Unmarried,0,20,Did not complete high school,No,Female,No,No,No,Plus service,No,0,45,29.25,1000.9592105716034,0.8487734692885621,0.15122653071143788,305.44016286087265,False,False,False
464,Zone 3,30,23,Married,4,19,Some college,No,Male,No,Yes,No,E-service,No,0,35,22.75,748.9988700924899,0.8299301498387046,0.1700698501612954,234.69369541270189,False,True,False
465,Zone 1,21,39,Married,7,25,High school degree,No,Male,No,No,Yes,Plus service,No,0,45,29.25,1205.3802243607554,0.9398522325515881,0.06014776744841188,322.77224707628767,True,False,False
466,Zone 1,71,46,Unmarried,27,119,Post-undergraduate degree,No,Female,Yes,Yes,Yes,Total service,No,0,60,39.0,1560.7345499908643,0.9232362729479068,0.07676372705209322,426.02876136079544,True,False,False
467,Zone 3,11,48,Married,5,323,College degree,No,Male,No,Yes,Yes,Plus service,Yes,1,45,29.25,1095.5026471140538,0.8973321055259083,0.10266789447409175,315.1504522635116,True,False,False
468,Zone 1,24,30,Married,7,45,Did not complete high school,No,Female,No,No,Yes,Basic service,No,0,25,16.25,552.4922919765531,0.845622477823116,0.15437752217688405,169.35159093169875,False,False,False
469,Zone 1,65,59,Married,27,197,College degree,No,Male,No,No,No,E-service,No,0,35,22.75,1058.5880945005201,0.9914920393872512,0.008507960612748833,258.1975033180468,True,False,False
470,Zone 1,16,34,Married,13,56,Some college,No,Female,No,No,No,Basic service,Yes,1,25,16.25,593.3967533851993,0.8823617034252103,0.11763829657478975,173.3740378184206,False,False,False
471,Zone 3,37,51,Married,26,24,College degree,No,Male,No,No,No,E-service,No,0,35,22.75,1051.2824091407624,0.9893023033365557,0.010697696663444334,257.9163732067221,True,False,False
472,Zone 1,5,30,Unmarried,4,25,Some college,No,Male,No,No,Yes,Plus service,Yes,1,45,29.25,1013.648188160263,0.864391180707575,0.13560881929242496,309.6562715872757,False,False,False
473,Zone 1,3,55,Married,9,26,Post-undergraduate degree,No,Female,Yes,Yes,No,E-service,Yes,1,35,22.75,904.8370359033677,0.9367083046699287,0.06329169533007128,251.592114467725,False,False,False
474,Zone 1,5,32,Unmarried,6,33,College degree,No,Male,No,Yes,No,Basic service,Yes,1,25,16.25,329.80371707474853,0.5896514005094664,0.4103485994905336,139.3364673484675,False,True,False
475,Zone 1,60,44,Married,4,150,High school degree,No,Male,Yes,No,Yes,Total service,No,0,60,39.0,1582.8736015419656,0.929831165596295,0.07016883440370503,427.6646106097317,True,False,False
476,Zone 2,19,37,Married,4,99,High school degree,No,Female,No,Yes,No,E-service,Yes,1,35,22.75,811.0290880065195,0.8696384518237793,0.1303615481762207,240.76417404200126,False,False,False
477,Zone 3,54,40,Unmarried,19,50,College degree,No,Female,Yes,Yes,Yes,Total service,No,0,60,39.0,1433.291457434632,0.8832946383930019,0.11670536160699807,416.0443839891361,True,False,False
478,Zone 2,25,41,Unmarried,3,81,Some college,No,Female,No,No,Yes,Plus service,No,0,45,29.25,1107.4628826443436,0.8983188305276755,0.10168116947232453,314.954497444899,True,False,False
479,Zone 2,1,36,Unmarried,6,21,Did not complete high school,No,Male,No,No,No,E-service,Yes,1,35,22.75,905.0832643510863,0.9424676199033983,0.057532380096601665,252.91787691062018,False,False,False
480,Zone 3,54,68,Unmarried,7,273,Some college,No,Female,No,Yes,No,Basic service,No,0,25,16.25,599.1832753467618,0.8848513696076036,0.11514863039239642,173.51552635010108,False,False,False
481,Zone 1,14,31,Married,9,39,Some college,No,Female,No,No,No,Basic service,No,0,25,16.25,555.3042789776441,0.8497131969249228,0.15028680307507725,169.8991583217118,False,False,False
482,Zone 3,14,28,Married,7,17,High school degree,No,Male,No,No,No,Basic service,Yes,1,25,16.25,528.5937672473597,0.8247697335542398,0.17523026644576023,167.16616070387482,False,True,False
483,Zone 2,10,45,Married,8,115,Some college,No,Female,No,Yes,No,E-service,Yes,1,35,22.75,889.3634539526746,0.9191692771539413,0.08083072284605874,248.35314997615583,False,False,False
484,Zone 1,7,23,Unmarried,3,27,High school degree,No,Female,No,No,Yes,Basic service,No,0,25,16.25,392.69362207710697,0.6755381613926565,0.32446183860734346,150.0716816586094,False,True,False
485,Zone 2,33,45,Unmarried,24,35,Did not complete high school,No,Male,No,No,Yes,Plus service,Yes,1,45,29.25,1273.0836573635681,0.9634165792516595,0.036583420748340534,326.9793108664138,True,False,False
486,Zone 1,3,23,Unmarried,2,20,High school degree,No,Male,Yes,Yes,No,Basic service,No,0,25,16.25,194.27526560353195,0.36207858586885466,0.6379214141311453,106.34929843262042,False,True,False
487,Zone 2,56,58,Married,3,92,Did not complete high school,No,Male,No,No,No,Basic service,No,0,25,16.25,656.8279110305963,0.9279700428883378,0.07202995711166216,178.00369463127413,False,False,False
488,Zone 2,54,56,Unmarried,8,207,High school degree,No,Female,No,No,Yes,Plus service,No,0,45,29.25,1239.510882914559,0.9499778843621914,0.05002211563780856,324.4689847192133,True,False,False
489,Zone 1,72,55,Married,28,40,Did not complete high school,No,Male,No,No,No,E-service,No,0,35,22.75,1054.3687117811453,0.9897087715377261,0.010291228462273927,257.9481731152907,True,False,False
490,Zone 1,18,29,Unmarried,4,40,High school degree,No,Male,No,Yes,Yes,Plus service,No,0,45,29.25,829.1090664223497,0.7557045692988478,0.24429543070115223,286.8695218251837,False,True,False
491,Zone 3,25,29,Unmarried,9,55,College degree,No,Male,No,No,No,Basic service,Yes,1,25,16.25,508.3609414670633,0.8047759552561462,0.1952240447438538,164.88076675044292,False,True,False
492,Zone 1,42,62,Unmarried,26,26,Did not complete high school,Yes,Female,No,No,No,Basic service,No,0,25,16.25,702.7014054657292,0.9598003760851931,0.040199623914806915,181.27186421910892,False,False,False
493,Zone 3,4,37,Unmarried,2,41,High school degree,No,Male,No,Yes,No,Basic service,No,0,25,16.25,326.2923461777792,0.584452978984304,0.41554702101569596,138.77370347316543,False,True,False
494,Zone 2,12,50,Married,16,203,College degree,No,Male,No,No,No,Basic service,Yes,1,25,16.25,675.689663253367,0.9472530606185506,0.052746939381449365,180.19490250030873,False,False,False
495,Zone 2,53,64,Married,17,380,High school degree,No,Female,No,No,Yes,Plus service,No,0,45,29.25,1341.4976482188029,0.9855690700093881,0.014430929990611907,330.9217589011433,True,False,False
496,Zone 2,13,38,Married,8,104,College degree,No,Male,Yes,Yes,Yes,Total service,Yes,1,60,39.0,1294.0185189827332,0.8351227960878325,0.16487720391216754,403.9878757535006,True,False,False
497,Zone 3,18,31,Married,12,24,Some college,No,Male,No,No,No,E-service,No,0,35,22.75,952.8446249259107,0.948239633961543,0.05176036603845702,252.2811118983375,False,False,False
498,Zone 3,67,42,Married,20,81,Some college,No,Female,Yes,No,Yes,Total service,No,0,60,39.0,1681.1568482405173,0.9575208366890086,0.04247916331099144,434.44753809153974,True,False,False
499,Zone 2,6,24,Unmarried,2,17,Did not complete high school,No,Male,No,No,No,Plus service,No,0,45,29.25,924.0806958669423,0.8146493764279856,0.18535062357201437,299.6324861755167,False,True,False
500,Zone 1,25,46,Unmarried,13,45,Did not complete high school,No,Female,Yes,No,Yes,Plus service,No,0,45,29.25,1145.7122315176457,0.9147932957271724,0.08520670427282762,318.0603251469752,True,False,False
501,Zone 2,15,39,Unmarried,19,32,High school degree,No,Male,Yes,No,No,E-service,Yes,1,35,22.75,918.6696532211116,0.9320383818489733,0.06796161815102675,250.0244540971523,False,False,False
502,Zone 3,32,35,Unmarried,12,57,College degree,No,Male,No,No,No,E-service,No,0,35,22.75,914.0660709018598,0.9261674837756371,0.07383251622436293,248.99168815081356,False,False,False
503,Zone 2,22,39,Unmarried,0,63,College degree,No,Male,No,Yes,No,E-service,Yes,1,35,22.75,723.9124647060654,0.8129984980890441,0.18700150191095588,232.1090585235607,False,True,False
504,Zone 2,8,22,Unmarried,3,25,College degree,No,Male,Yes,No,Yes,Plus service,No,0,45,29.25,802.5044936760696,0.7397217067414171,0.26027829325858287,283.8651305302153,False,True,False
505,Zone 1,3,31,Married,4,22,Did not complete high school,No,Male,No,Yes,No,Basic service,Yes,1,25,16.25,374.41120509385746,0.6536493525205628,0.3463506474794372,147.98448872886664,False,True,False
506,Zone 2,32,54,Unmarried,6,155,High school degree,No,Male,No,No,No,Basic service,No,0,25,16.25,603.2830844885841,0.8881878686220762,0.11181213137792378,173.88041668699069,False,False,False
507,Zone 1,49,54,Unmarried,24,30,High school degree,No,Male,No,No,Yes,E-service,No,0,35,22.75,1026.5124956398017,0.978594882882645,0.021405117117355044,256.41568207951025,True,False,False
508,Zone 2,2,28,Unmarried,7,46,Some college,No,Female,No,No,No,Total service,No,0,60,39.0,1437.826836437461,0.9033420438309248,0.09665795616907524,424.0638564041066,True,False,False
509,Zone 1,39,47,Unmarried,1,68,College degree,No,Female,No,Yes,No,E-service,Yes,1,35,22.75,809.2468323439277,0.8675052557503855,0.1324947442496145,240.35136543267987,False,False,False
510,Zone 1,42,33,Unmarried,2,67,High school degree,No,Male,No,No,No,E-service,No,0,35,22.75,857.3859197548188,0.8951311196261851,0.10486888037381492,244.43641904320776,False,False,False
511,Zone 1,28,36,Unmarried,3,69,Some college,No,Male,Yes,No,Yes,Total service,No,0,60,39.0,1362.3339206012517,0.858745677932187,0.14125432206781297,409.8113611271785,True,False,False
512,Zone 2,41,46,Married,14,47,High school degree,No,Male,Yes,No,Yes,Total service,No,0,60,39.0,1659.4412397975445,0.9524207999342945,0.047579200065705485,433.2583778898371,True,False,False
513,Zone 3,67,50,Married,31,83,High school degree,No,Male,No,No,No,E-service,No,0,35,22.75,1052.9714817197407,0.9892095261862442,0.010790473813755752,257.88077660640886,True,False,False
514,Zone 1,38,40,Unmarried,15,34,High school degree,No,Female,No,Yes,No,E-service,No,0,35,22.75,853.6846957412271,0.8931339476129435,0.10686605238705649,244.1481228201075,False,False,False
515,Zone 2,18,38,Unmarried,8,45,High school degree,No,Female,Yes,Yes,Yes,Total service,Yes,1,60,39.0,1172.568914521113,0.7848441293996061,0.21515587060039387,390.41232743753426,True,True,True
516,Zone 2,6,42,Married,17,29,High school degree,No,Female,Yes,No,Yes,Total service,No,0,60,39.0,1690.058514548391,0.969742192459565,0.030257807540435055,438.1963509311421,True,False,False
517,Zone 2,4,36,Unmarried,0,21,High school degree,No,Female,No,No,No,Basic service,No,0,25,16.25,441.88504378679454,0.7385128080573128,0.2614871919426872,158.0611961917673,False,True,False
518,Zone 1,13,23,Married,3,30,Some college,No,Female,Yes,Yes,Yes,Total service,No,0,60,39.0,1038.4000103836634,0.7241291197646794,0.2758708802353206,373.7706083324424,True,True,True
519,Zone 1,20,35,Unmarried,0,78,College degree,No,Male,Yes,Yes,Yes,Total service,Yes,1,60,39.0,1052.978189525181,0.7323009964016859,0.2676990035983141,376.06667707926573,True,True,True
520,Zone 1,34,49,Married,27,61,Some college,No,Female,No,No,Yes,Plus service,No,0,45,29.25,1339.446341979369,0.9856834542350101,0.014316545764989863,330.973342166638,True,False,False
521,Zone 1,46,29,Married,4,90,Post-undergraduate degree,No,Male,Yes,Yes,Yes,Total service,No,0,60,39.0,1287.5293054065103,0.8323229203306025,0.1676770796693975,403.00039720973126,True,False,False
522,Zone 1,48,41,Unmarried,21,43,High school degree,No,Male,No,No,No,E-service,No,0,35,22.75,981.2060244391158,0.9583027340290855,0.0416972659709145,253.55734481235893,False,False,False
523,Zone 3,69,61,Married,12,301,High school degree,No,Male,Yes,No,Yes,Plus service,No,0,45,29.25,1282.9666321097,0.9653852019396746,0.034614798060325414,327.266610971706,True,False,False
524,Zone 1,32,34,Married,7,32,High school degree,No,Male,No,No,No,Basic service,No,0,25,16.25,578.453907948736,0.8678418673799104,0.13215813262008957,171.72067259983936,False,False,False
525,Zone 1,29,29,Unmarried,9,41,High school degree,No,Male,No,No,Yes,E-service,No,0,35,22.75,865.5172676590056,0.9002271129687419,0.09977288703125808,245.22020756024025,False,False,False
526,Zone 3,55,52,Unmarried,22,127,Did not complete high school,No,Female,Yes,No,No,E-service,No,0,35,22.75,984.7559568512265,0.9597021733765675,0.04029782662343251,253.74699437894867,False,False,False
527,Zone 3,72,60,Married,36,271,Did not complete high school,No,Female,No,No,Yes,Plus service,No,0,45,29.25,1368.4901925896042,0.9936960246140389,0.006303975385961058,332.3566451237547,True,False,False
528,Zone 3,29,26,Unmarried,1,32,Some college,No,Female,Yes,No,No,Basic service,Yes,1,25,16.25,427.37951994418444,0.7221898767800367,0.27781012321996335,155.60733569611105,False,True,False
529,Zone 2,50,25,Married,1,36,College degree,No,Female,Yes,No,Yes,Total service,No,0,60,39.0,1411.2274850932677,0.875885395072169,0.124114604927831,414.1668276237785,True,False,False
530,Zone 3,35,50,Married,11,293,Some college,No,Male,No,No,No,Basic service,Yes,1,25,16.25,653.5465742621317,0.9263897907789058,0.07361020922109418,177.86593130482584,False,False,False
531,Zone 3,11,63,Unmarried,9,41,Some college,No,Male,No,Yes,No,Basic service,Yes,1,25,16.25,540.5695023787019,0.8372937319098827,0.16270626809011735,168.62790874939174,False,False,False
532,Zone 1,9,29,Unmarried,9,39,Some college,No,Female,No,No,No,Basic service,No,0,25,16.25,472.35403938750767,0.7689773755803581,0.23102262441964194,161.04324169815766,False,True,False
533,Zone 2,51,48,Unmarried,27,58,Did not complete high school,No,Male,No,No,Yes,Plus service,Yes,1,45,29.25,1295.1832989159568,0.9701355244154911,0.029864475584508887,328.14809392217353,True,False,False
534,Zone 1,33,34,Married,2,28,Did not complete high school,No,Female,No,Yes,No,E-service,No,0,35,22.75,801.4686674326199,0.8628062368039606,0.13719376319603938,239.6543213816294,False,False,False
535,Zone 1,25,20,Unmarried,0,15,High school degree,No,Male,No,No,Yes,Plus service,No,0,45,29.25,925.4379702412891,0.8102953279663071,0.1897046720336929,297.88148871127464,False,True,False
536,Zone 3,31,34,Unmarried,9,105,College degree,No,Female,No,No,No,Plus service,No,0,45,29.25,1113.9167227607368,0.9005495786234765,0.09945042137652349,315.3322507893897,True,False,False
537,Zone 2,67,40,Married,10,80,College degree,No,Female,Yes,Yes,Yes,Total service,No,0,60,39.0,1469.846668400144,0.8953380988698132,0.10466190113018681,419.08246723000264,True,False,False
538,Zone 3,55,45,Unmarried,8,36,High school degree,No,Male,Yes,No,Yes,Plus service,No,0,45,29.25,1133.222010972739,0.9081226990420246,0.09187730095797542,316.7083674655007,True,False,False
539,Zone 3,19,50,Unmarried,7,112,College degree,No,Female,Yes,No,No,Total service,No,0,60,39.0,1529.332226743752,0.9165528997643309,0.08344710023566915,424.6373883552283,True,False,False
540,Zone 1,39,34,Married,11,55,College degree,No,Female,Yes,Yes,Yes,Total service,No,0,60,39.0,1371.4543375555872,0.8620077178033257,0.13799228219667425,410.6251654688221,True,False,False
541,Zone 2,52,35,Married,8,40,College degree,No,Male,Yes,No,Yes,Plus service,No,0,45,29.25,1141.5675163163885,0.9115854399388299,0.0884145600611701,317.35809591731515,True,False,False
542,Zone 3,55,37,Married,15,23,High school degree,No,Female,No,No,Yes,Plus service,No,0,45,29.25,1245.6907539227411,0.952241424394352,0.047758575605648,324.88250796849184,True,False,False
543,Zone 2,25,62,Unmarried,27,28,College degree,Yes,Female,Yes,No,Yes,Total service,Yes,1,60,39.0,1766.793340496561,0.9819013507065151,0.018098649293484925,440.4509057549743,True,False,False
544,Zone 3,33,58,Unmarried,12,21,High school degree,Yes,Female,No,No,No,Basic service,No,0,25,16.25,642.9444872552313,0.9187507153462625,0.08124928465373749,177.0794142558033,False,False,False
545,Zone 2,48,35,Unmarried,5,63,College degree,No,Male,No,No,Yes,Plus service,Yes,1,45,29.25,1112.2542911850696,0.8993331633218141,0.10066683667818588,315.0618429611755,True,False,False
546,Zone 2,48,31,Married,12,52,College degree,No,Male,Yes,Yes,Yes,Total service,No,0,60,39.0,1381.6813283795984,0.8658174545092981,0.13418254549070185,411.6057153251237,True,False,False
547,Zone 2,49,57,Unmarried,3,189,Did not complete high school,No,Female,No,No,No,Basic service,No,0,25,16.25,614.7306681863624,0.896884817856319,0.10311518214368098,174.77785436089806,False,False,False
548,Zone 3,54,32,Married,0,50,Did not complete high school,No,Male,No,No,Yes,Plus service,Yes,1,45,29.25,1137.2212100788274,0.9097799478246623,0.09022005217533768,317.0190419816068,True,False,False
549,Zone 1,45,32,Married,9,23,Did not complete high school,No,Male,No,No,No,Basic service,No,0,25,16.25,592.9943079853044,0.879787575445974,0.12021242455402603,172.98087320132726,False,False,False
550,Zone 3,4,37,Married,1,33,High school degree,No,Female,No,Yes,No,Basic service,Yes,1,25,16.25,392.6645533261653,0.6769501839753259,0.3230498160246741,150.6168209622211,False,True,False
551,Zone 3,49,27,Married,3,29,Some college,No,Female,Yes,Yes,No,E-service,Yes,1,35,22.75,750.5827981886283,0.8322570074122693,0.16774299258773073,235.08106856482712,False,False,False
552,Zone 2,23,35,Unmarried,2,96,Some college,No,Male,Yes,Yes,Yes,Total service,Yes,1,60,39.0,1098.2308046010096,0.7533226617223033,0.24667733827769667,381.87342609184464,True,True,True
553,Zone 2,31,44,Unmarried,23,80,Post-undergraduate degree,No,Male,No,Yes,No,E-service,Yes,1,35,22.75,912.6510506364089,0.9255242022026892,0.07447579779731084,248.90304973233845,False,False,False
554,Zone 2,55,44,Married,2,68,High school degree,No,Male,No,No,Yes,Plus service,No,0,45,29.25,1209.1067313783299,0.9384422833102722,0.06155771668972776,322.34526887387347,True,False,False
555,Zone 1,9,28,Unmarried,7,30,Did not complete high school,No,Female,No,No,No,Basic service,No,0,25,16.25,453.6229783524288,0.7482355611987771,0.2517644388012229,158.64506368990175,False,True,False
556,Zone 2,55,57,Married,25,34,High school degree,No,Male,No,No,No,Basic service,No,0,25,16.25,715.3743115057786,0.967377415662452,0.032622584337548055,182.02354850507913,False,False,False
557,Zone 1,34,30,Unmarried,3,35,High school degree,No,Female,Yes,No,Yes,Plus service,No,0,45,29.25,970.8187307257347,0.8340425725690797,0.16595742743092035,302.55539138887923,False,False,False
558,Zone 1,10,23,Unmarried,4,36,High school degree,No,Male,No,No,Yes,Plus service,No,0,45,29.25,943.8064844786808,0.8221984869928021,0.17780151300719793,300.6059026920272,False,True,False
559,Zone 2,62,76,Unmarried,20,35,Some college,Yes,Female,No,No,No,E-service,No,0,35,22.75,1054.8120150627522,0.9900288152194007,0.00997118478059933,257.99640071249905,True,False,False
560,Zone 2,51,36,Unmarried,13,62,Some college,No,Male,Yes,Yes,Yes,Total service,No,0,60,39.0,1344.6835342903576,0.8531319919293731,0.14686800807062694,408.3720020527716,True,False,False
561,Zone 1,65,48,Unmarried,28,94,Did not complete high school,No,Male,No,No,No,E-service,No,0,35,22.75,1021.823067785136,0.976122120994948,0.023877879005052005,256.0554720616517,True,False,False
562,Zone 3,53,33,Unmarried,1,60,Did not complete high school,No,Male,Yes,No,Yes,Total service,No,0,60,39.0,1387.571617542569,0.8680051765496113,0.1319948234503887,412.17001225514065,True,False,False
563,Zone 1,23,35,Unmarried,4,118,High school degree,No,Male,Yes,Yes,No,Basic service,Yes,1,25,16.25,372.3179054412024,0.6556115701015939,0.3443884298984061,147.74020476222097,False,True,False
564,Zone 3,1,30,Unmarried,3,135,College degree,No,Male,No,Yes,No,Basic service,Yes,1,25,16.25,279.45589929853173,0.5123500741043202,0.4876499258956798,130.29842471914316,False,True,False
565,Zone 3,66,55,Unmarried,20,80,High school degree,No,Female,No,No,Yes,Plus service,No,0,45,29.25,1290.5859572795587,0.968118851345012,0.031881148654988034,327.7653174306111,True,False,False
566,Zone 3,8,27,Married,0,21,Some college,No,Female,No,Yes,No,E-service,No,0,35,22.75,687.6119149386258,0.7896740232142325,0.21032597678576748,228.85221971426125,False,True,False
567,Zone 3,18,28,Married,3,22,Did not complete high school,No,Female,No,No,No,Basic service,No,0,25,16.25,512.7246366646725,0.8088675299705204,0.19113247002947964,165.35437508224277,False,True,False
568,Zone 3,36,32,Married,3,63,College degree,No,Male,No,Yes,No,E-service,No,0,35,22.75,802.1310386077956,0.8632223555244452,0.13677764447555485,239.7136009312944,False,False,False
569,Zone 1,13,40,Unmarried,16,142,High school degree,No,Female,No,No,No,Basic service,Yes,1,25,16.25,579.2279729350571,0.8714028679186385,0.12859713208136148,172.26613446626658,False,False,False
570,Zone 3,4,44,Unmarried,15,32,Some college,No,Female,Yes,Yes,Yes,Plus service,Yes,1,45,29.25,946.958229637706,0.8308231440646753,0.16917685593532472,303.4387776975772,False,True,False
571,Zone 3,20,32,Unmarried,10,19,Some college,No,Male,No,Yes,No,E-service,No,0,35,22.75,748.4078521587141,0.8295313785596032,0.17046862144039676,234.66609846075818,False,True,False
572,Zone 1,66,39,Married,12,60,College degree,No,Male,Yes,Yes,Yes,Total service,No,0,60,39.0,1476.7745829726136,0.8975099099104542,0.1024900900895458,419.6256584339118,True,False,False
573,Zone 3,67,47,Married,7,97,Did not complete high school,No,Male,No,No,Yes,Plus service,No,0,45,29.25,1250.9620920389457,0.9539142432580769,0.046085756741923056,325.1765979847915,True,False,False
574,Zone 1,11,24,Married,0,31,High school degree,No,Female,Yes,Yes,Yes,Total service,Yes,1,60,39.0,990.8873043817541,0.7006427104759451,0.29935728952405494,367.1579321730043,False,True,False
575,Zone 1,6,26,Unmarried,7,30,Some college,No,Female,No,Yes,No,Basic service,Yes,1,25,16.25,310.1490510585188,0.5609477505227869,0.4390522494772131,135.49298755925957,False,True,False
576,Zone 2,13,23,Married,4,31,Did not complete high school,No,Female,Yes,Yes,No,Basic service,No,0,25,16.25,326.7273479800418,0.5896979100122406,0.4103020899877594,139.37701734977173,False,True,False
577,Zone 2,2,29,Married,3,44,High school degree,No,Female,Yes,Yes,Yes,Total service,Yes,1,60,39.0,1059.596884448296,0.7426518167237773,0.25734818327622266,382.3214801458364,True,True,True
578,Zone 1,4,40,Unmarried,12,38,High school degree,No,Male,No,No,No,Basic service,No,0,25,16.25,555.4447765712707,0.8592431913268254,0.14075680867317464,171.6510859825294,False,False,False
579,Zone 1,34,63,Married,10,23,High school degree,No,Female,Yes,Yes,Yes,Total service,No,0,60,39.0,1590.8318150756463,0.9331635079771284,0.06683649202287156,428.56214155913005,True,False,False
580,Zone 1,13,34,Married,6,37,Some college,No,Male,No,No,No,Plus service,No,0,45,29.25,1168.098334664278,0.9276234603177758,0.07237653968222424,320.71553975408824,True,False,False
581,Zone 2,37,40,Married,14,26,High school degree,No,Male,No,No,No,E-service,No,0,35,22.75,991.563149897221,0.963721263198925,0.03627873680107496,254.34762486133897,False,False,False
582,Zone 1,45,30,Married,8,38,High school degree,No,Male,No,No,Yes,Plus service,No,0,45,29.25,1168.2565280200954,0.9226106519124072,0.07738934808759279,319.4251674047985,True,False,False
583,Zone 2,71,70,Unmarried,30,153,Some college,Yes,Female,No,No,Yes,Plus service,No,0,45,29.25,1355.7357523398025,0.9897585989525474,0.010241401047452636,331.6569681982978,True,False,False
584,Zone 1,35,40,Unmarried,5,49,Did not complete high school,No,Female,No,No,No,Basic service,No,0,25,16.25,550.365320382545,0.8438327751460993,0.15616722485390067,169.14449274275202,False,False,False
585,Zone 3,44,41,Unmarried,21,51,Some college,No,Male,No,Yes,No,Basic service,No,0,25,16.25,554.6520546283366,0.8479797360868506,0.15202026391314938,169.5967838353338,False,False,False
586,Zone 3,44,45,Married,19,88,Did not complete high school,No,Male,No,No,Yes,Plus service,No,0,45,29.25,1295.581599419477,0.9705742169915299,0.029425783008470097,328.24052908888655,True,False,False
587,Zone 1,26,41,Married,20,19,Did not complete high school,No,Female,No,No,No,Basic service,No,0,25,16.25,656.820842114471,0.9297253633625576,0.07027463663744238,178.24343681344152,False,False,False
588,Zone 2,42,46,Married,9,31,Did not complete high school,No,Female,No,No,No,Basic service,No,0,25,16.25,636.1134619048471,0.9131916939198842,0.0868083060801158,176.48456767035736,False,False,False
589,Zone 2,41,47,Married,6,90,High school degree,No,Male,No,Yes,No,Basic service,Yes,1,25,16.25,552.6761755380015,0.8461228121700854,0.15387718782991455,169.39472701769716,False,False,False
590,Zone 1,31,24,Married,3,14,Did not complete high school,No,Male,No,No,No,Basic service,No,0,25,16.25,520.6847126793805,0.8168597165370323,0.18314028346296773,166.21348002576056,False,True,False
591,Zone 3,62,63,Unmarried,43,341,High school degree,No,Male,Yes,Yes,No,Plus service,Yes,1,45,29.25,1296.098269892955,0.9701273404839871,0.029872659516012923,328.1330224271561,True,False,False
592,Zone 1,12,23,Married,2,24,College degree,No,Female,Yes,Yes,Yes,Total service,No,0,60,39.0,1016.0214266302356,0.7131971121955121,0.2868028878044879,370.70621932490263,False,True,False
593,Zone 2,45,49,Married,27,81,High school degree,No,Female,No,No,Yes,Plus service,No,0,45,29.25,1335.7189720739948,0.9839679390676784,0.016032060932321568,330.64601007459,True,False,False
594,Zone 1,47,34,Married,4,63,High school degree,No,Female,No,No,No,Basic service,No,0,25,16.25,582.4855805660231,0.8713379233819745,0.12866207661802553,172.0874029302516,False,False,False
595,Zone 2,23,22,Married,1,27,Did not complete high school,No,Male,No,No,Yes,Plus service,No,0,45,29.25,1037.4005313951407,0.8665124989234655,0.1334875010765345,308.8936855337369,True,False,False
596,Zone 3,39,34,Unmarried,4,20,Post-undergraduate degree,No,Female,Yes,Yes,Yes,Total service,No,0,60,39.0,1201.0128100211066,0.7987125896317158,0.20128741036828424,394.1859408463762,True,True,True
597,Zone 2,19,26,Unmarried,2,48,Some college,No,Male,Yes,No,Yes,Plus service,No,0,45,29.25,880.0837599063972,0.7852511732916053,0.21474882670839468,292.88481861790143,False,True,False
598,Zone 1,13,54,Unmarried,12,121,College degree,No,Male,No,No,Yes,Plus service,No,0,45,29.25,1262.2351159688835,0.963604843044436,0.036395156955563945,327.25121312108774,True,False,False
599,Zone 2,5,33,Unmarried,6,39,Some college,No,Male,No,No,Yes,Total service,Yes,1,60,39.0,1468.1312665883715,0.9063348054932083,0.09366519450679167,423.40519267709976,True,False,False
600,Zone 2,11,19,Unmarried,0,21,High school degree,No,Male,No,No,No,Basic service,Yes,1,25,16.25,371.34070366997344,0.6487666824765663,0.3512333175234337,146.7035258722943,False,True,False
601,Zone 3,4,32,Unmarried,2,53,College degree,No,Male,No,No,No,Basic service,Yes,1,25,16.25,431.2513446337728,0.7256991546333775,0.27430084536662247,156.5399263545789,False,True,False
602,Zone 3,17,42,Unmarried,8,58,Did not complete high school,No,Male,Yes,Yes,No,E-service,Yes,1,35,22.75,718.3058386225157,0.8092766906673581,0.19072330933264192,231.57142735859435,False,True,False
603,Zone 2,7,27,Unmarried,3,39,Some college,No,Male,No,No,Yes,Basic service,Yes,1,25,16.25,415.4759165376223,0.7040441027367089,0.2959558972632911,153.5319701888159,False,True,False
604,Zone 1,19,65,Unmarried,3,108,Did not complete high school,No,Male,No,No,Yes,Plus service,No,0,45,29.25,1258.2029155961081,0.9602273935891269,0.0397726064108731,326.5207394502951,True,False,False
605,Zone 2,32,34,Married,0,38,Did not complete high school,No,Male,No,No,No,E-service,No,0,35,22.75,900.6631509520258,0.9191194928808066,0.08088050711919337,247.96887344533346,False,False,False
606,Zone 2,53,51,Unmarried,31,245,College degree,No,Male,No,No,No,E-service,No,0,35,22.75,1036.718139291264,0.9827947645175453,0.017205235482454673,256.9976852656384,True,False,False
607,Zone 1,51,38,Unmarried,19,51,Did not complete high school,No,Female,Yes,No,Yes,Plus service,No,0,45,29.25,1159.9560081297843,0.9191129231398526,0.0808870768601474,318.76460769979593,True,False,False
608,Zone 1,35,34,Unmarried,7,78,College degree,No,Female,No,No,No,Basic service,No,0,25,16.25,536.9116021354953,0.8319260634537744,0.1680739365462256,167.8578837953638,False,False,False
609,Zone 1,3,31,Married,4,23,College degree,No,Male,Yes,No,Yes,Total service,Yes,1,60,39.0,1436.9256366321308,0.8999819334902222,0.10001806650977785,422.63512828498955,True,False,False
610,Zone 1,22,48,Unmarried,7,88,College degree,No,Male,No,Yes,No,Basic service,Yes,1,25,16.25,478.412844590234,0.7748090984387931,0.2251909015612069,161.53878832998282,False,True,False
611,Zone 3,17,21,Married,0,25,High school degree,No,Female,No,No,Yes,Plus service,No,0,45,29.25,1008.4775711899734,0.8533730015634541,0.14662699843654592,306.44134365943006,False,False,False
612,Zone 2,68,39,Unmarried,20,73,High school degree,No,Female,No,No,No,E-service,No,0,35,22.75,973.7094329079366,0.9542453529798735,0.04575464702012655,252.9616650768161,False,False,False
613,Zone 2,27,41,Married,7,62,College degree,No,Female,No,No,No,Plus service,No,0,45,29.25,1216.028412178202,0.9429077762158748,0.05709222378412515,323.2676718855745,True,False,False
614,Zone 3,68,52,Married,8,456,Some college,No,Female,No,No,Yes,Plus service,No,0,45,29.25,1274.078584336652,0.9622504654739459,0.03774953452605412,326.6971580360313,True,False,False
615,Zone 3,56,42,Married,10,24,High school degree,No,Male,No,No,Yes,Plus service,No,0,45,29.25,1242.289545085583,0.9509539718974234,0.04904602810257663,324.64529585871423,True,False,False
616,Zone 3,11,32,Unmarried,8,23,High school degree,No,Female,No,Yes,No,Basic service,No,0,25,16.25,372.58015175815564,0.6503738568507558,0.34962614314924423,146.90097465275795,False,True,False
617,Zone 3,5,47,Unmarried,7,46,Did not complete high school,No,Female,No,No,Yes,Basic service,Yes,1,25,16.25,560.784225729345,0.8622270999533537,0.13777290004664633,171.79994185860778,False,False,False
618,Zone 3,16,50,Unmarried,5,263,High school degree,No,Female,No,No,Yes,Plus service,No,0,45,29.25,1184.6321320310165,0.9330592894536233,0.06694071054637674,321.6197317432832,True,False,False
619,Zone 2,59,30,Unmarried,2,34,College degree,No,Female,Yes,No,No,E-service,No,0,35,22.75,817.3112922577873,0.8727761563736056,0.12722384362639438,241.1443648126006,False,False,False
620,Zone 1,60,64,Unmarried,14,33,High school degree,Yes,Male,Yes,No,Yes,Total service,No,0,60,39.0,1693.7897556045154,0.961084630406338,0.03891536959366204,435.32275731627215,True,False,False
621,Zone 3,55,47,Unmarried,11,37,Did not complete high school,No,Male,No,No,No,Plus service,No,0,45,29.25,1215.3200305906682,0.9408242217603937,0.05917577823960629,322.7845689299527,True,False,False
622,Zone 1,18,56,Unmarried,22,296,High school degree,No,Male,No,No,No,Basic service,No,0,25,16.25,675.3719605571875,0.9446354313635358,0.05536456863646422,179.83469812246702,False,False,False
623,Zone 2,16,22,Unmarried,0,26,Some college,No,Female,No,No,No,E-service,Yes,1,35,22.75,742.1110229000618,0.8257631484746822,0.17423685152531776,234.13994562199852,False,True,False
624,Zone 1,35,57,Married,32,47,College degree,No,Male,No,Yes,No,E-service,No,0,35,22.75,1035.186845504516,0.9829266518400781,0.017073348159921897,257.04082258364235,True,False,False
625,Zone 3,31,23,Married,1,31,Some college,No,Female,Yes,Yes,Yes,Total service,Yes,1,60,39.0,1139.2758418052042,0.7724317043320007,0.2275682956679993,387.1288550315526,True,True,True
626,Zone 2,20,49,Married,5,264,High school degree,No,Female,No,No,No,Basic service,No,0,25,16.25,619.4939853148592,0.9025425922618536,0.09745740773814637,175.45655565262282,False,False,False
627,Zone 2,16,27,Unmarried,5,41,College degree,No,Female,Yes,Yes,Yes,Total service,Yes,1,60,39.0,997.4451287419478,0.7049778729826501,0.29502212701734987,368.3775859354326,False,True,False
628,Zone 2,69,48,Married,27,55,High school degree,No,Male,No,No,Yes,Plus service,No,0,45,29.25,1328.8975065828938,0.9811123123986218,0.018887687601378156,330.1099561229456,True,False,False
629,Zone 3,69,66,Married,31,49,High school degree,No,Male,No,No,No,Basic service,No,0,25,16.25,740.6172161944232,0.9825025914476796,0.017497408552320404,183.5331750176346,False,False,False
630,Zone 2,27,24,Married,3,26,Did not complete high school,No,Female,No,No,No,Basic service,Yes,1,25,16.25,513.0745556119865,0.8094185661945649,0.19058143380543513,165.39339194139225,False,True,False
631,Zone 3,48,39,Unmarried,20,110,College degree,No,Male,No,No,Yes,Plus service,No,0,45,29.25,1224.6152627918696,0.9445800267832503,0.05541997321674974,323.4871349513373,True,False,False
632,Zone 1,18,52,Married,20,66,Did not complete high school,No,Female,No,Yes,Yes,Basic service,No,0,25,16.25,612.3294433837984,0.8973288388744618,0.1026711611255382,174.9304650516671,False,False,False
633,Zone 2,24,40,Married,4,39,Some college,No,Female,No,No,Yes,Plus service,No,0,45,29.25,1189.4229357713004,0.9329229307258243,0.06707706927417567,321.45245335248666,True,False,False
634,Zone 2,17,42,Unmarried,6,31,High school degree,No,Male,Yes,No,No,Total service,Yes,1,60,39.0,1435.0727971803592,0.8858553119978979,0.11414468800210209,416.9519712751065,True,False,False
635,Zone 2,9,24,Married,3,26,College degree,No,Female,No,No,Yes,Basic service,No,0,25,16.25,473.30750074842075,0.7700138328990721,0.2299861671009279,161.16226182439559,False,True,False
636,Zone 2,15,46,Unmarried,5,232,College degree,No,Female,Yes,Yes,Yes,Total service,Yes,1,60,39.0,1208.5066161910433,0.800064646730564,0.199935353269436,394.5700306276639,True,True,True
637,Zone 1,62,37,Married,10,43,College degree,No,Female,No,No,No,E-service,No,0,35,22.75,967.8841104330667,0.951602164759604,0.04839783524039598,252.58920113547447,False,False,False
638,Zone 1,9,41,Unmarried,12,39,College degree,No,Male,Yes,Yes,No,Basic service,Yes,1,25,16.25,375.9071490463415,0.65404853437895,0.34595146562104995,147.36037154147598,False,True,False
639,Zone 2,71,41,Married,10,73,High school degree,No,Female,No,No,Yes,Plus service,No,0,45,29.25,1242.369107146347,0.950697052305761,0.04930294769423904,324.5850354617016,True,False,False
640,Zone 2,62,59,Married,37,74,Did not complete high school,No,Male,No,No,Yes,Plus service,No,0,45,29.25,1370.0244059133254,0.9942631801438603,0.005736819856139719,332.46058488573937,True,False,False
641,Zone 2,20,38,Unmarried,19,237,College degree,No,Male,No,Yes,Yes,Total service,No,0,60,39.0,1441.7140992894902,0.8874086601406802,0.1125913398593198,417.26175227773507,True,False,False
642,Zone 1,19,33,Married,11,22,Did not complete high school,No,Male,No,No,No,Plus service,No,0,45,29.25,1197.8495637617882,0.9373868986373965,0.06261310136260345,322.3511023321559,True,False,False
643,Zone 2,49,61,Married,28,21,Did not complete high school,No,Male,No,No,Yes,Plus service,No,0,45,29.25,1360.999195681618,0.9917608929061463,0.00823910709385367,332.0260616155186,True,False,False
644,Zone 3,3,64,Unmarried,3,9,High school degree,Yes,Male,No,No,No,Basic service,Yes,1,25,16.25,631.8112776595988,0.9261290512181087,0.07387094878189127,178.68901329055674,False,False,False
645,Zone 1,33,36,Unmarried,2,41,Post-undergraduate degree,No,Male,Yes,Yes,No,Basic service,Yes,1,25,16.25,403.1515167375716,0.6962317000902882,0.30376829990971177,152.6620881488893,False,True,False
646,Zone 2,38,44,Unmarried,1,50,College degree,No,Female,No,Yes,No,E-service,Yes,1,35,22.75,792.7812390264821,0.8576278414292015,0.14237215857079855,238.87633732560954,False,False,False
647,Zone 3,42,48,Married,14,27,Some college,No,Female,Yes,No,Yes,Total service,No,0,60,39.0,1671.5938623841091,0.9557291872112612,0.04427081278873879,434.06168624545336,True,False,False
648,Zone 1,11,26,Unmarried,2,53,Some college,No,Male,Yes,Yes,Yes,Total service,Yes,1,60,39.0,897.2372270173146,0.6520150771758018,0.34798492282419824,353.04578367679596,False,True,False
649,Zone 3,27,28,Married,0,58,Some college,No,Male,No,No,No,Plus service,No,0,45,29.25,1079.3764496217962,0.8855826840764637,0.11441731592353632,312.5165171012438,True,False,False
650,Zone 3,23,50,Unmarried,1,151,College degree,No,Female,No,No,No,Basic service,No,0,25,16.25,554.4523315941447,0.8474193972396735,0.15258060276032648,169.55042733741266,False,False,False
651,Zone 2,4,38,Married,13,54,High school degree,No,Male,Yes,No,Yes,Plus service,No,0,45,29.25,1195.4388567347935,0.9470743573777033,0.05292564262229671,325.0289701371936,True,False,False
652,Zone 3,36,42,Unmarried,5,31,Did not complete high school,No,Female,No,No,No,Basic service,Yes,1,25,16.25,559.0753208546759,0.851425212037512,0.14857478796248802,169.9612444220868,False,False,False
653,Zone 2,37,42,Unmarried,10,115,Did not complete high school,No,Female,No,No,Yes,Plus service,No,0,45,29.25,1174.90432382177,0.9256579545689079,0.07434204543109213,320.0143800723462,True,False,False
654,Zone 3,24,58,Married,30,24,Did not complete high school,No,Male,No,No,No,Basic service,No,0,25,16.25,733.7371963990228,0.9806272303802409,0.01937276961975909,183.39925358120524,False,False,False
655,Zone 3,4,24,Unmarried,1,17,High school degree,No,Male,No,No,No,Basic service,Yes,1,25,16.25,373.52314308200437,0.6514248663645926,0.3485751336354074,147.4290658991581,False,True,False
656,Zone 3,54,33,Unmarried,5,47,High school degree,No,Female,No,No,No,Plus service,No,0,45,29.25,1109.0565719954118,0.8979873524303051,0.10201264756969486,314.8063700251798,True,False,False
657,Zone 3,7,49,Unmarried,8,36,Did not complete high school,No,Female,No,No,Yes,Plus service,Yes,1,45,29.25,1214.961016324328,0.9504421350841676,0.04955786491583236,325.22673932358475,True,False,False
658,Zone 1,10,28,Unmarried,9,75,College degree,No,Male,Yes,Yes,Yes,Total service,Yes,1,60,39.0,1011.3919541872224,0.7107906225755743,0.28920937742442565,370.098374557332,False,True,False
659,Zone 3,24,35,Married,10,41,Post-undergraduate degree,No,Female,No,Yes,No,E-service,No,0,35,22.75,846.2608146249249,0.8898143659980216,0.11018563400197845,243.7164075165188,False,False,False
660,Zone 3,12,31,Unmarried,8,18,College degree,No,Male,No,Yes,No,Basic service,Yes,1,25,16.25,372.50501207535166,0.6506794869659149,0.34932051303408507,146.94592560742663,False,True,False
661,Zone 2,45,54,Unmarried,25,171,Some college,No,Female,No,No,Yes,Plus service,No,0,45,29.25,1308.4365719327898,0.9749345153081186,0.025065484691881412,329.0255109707949,True,False,False
662,Zone 3,59,55,Married,29,42,Some college,No,Female,No,No,No,E-service,No,0,35,22.75,1057.397547039545,0.9911101098069911,0.008889890193008898,258.1472529332007,True,False,False
663,Zone 1,3,21,Married,1,36,Some college,No,Female,No,No,No,Basic service,No,0,25,16.25,430.54494907755435,0.7265897596139996,0.27341024038600037,156.9394122834361,False,True,False
664,Zone 3,8,35,Unmarried,6,31,Post-undergraduate degree,No,Male,Yes,Yes,Yes,Total service,Yes,1,60,39.0,1041.581523009977,0.7259490610268479,0.27405093897315214,374.59458343310814,True,True,True
665,Zone 1,16,59,Unmarried,5,207,High school degree,No,Female,No,No,Yes,Total service,No,0,60,39.0,1680.3403741016118,0.9618082915234566,0.03819170847654341,435.8106322670401,True,False,False
666,Zone 3,32,33,Unmarried,1,38,Did not complete high school,No,Female,No,No,No,Basic service,No,0,25,16.25,501.6143037780683,0.7989847826911329,0.20101521730886707,164.25295378999616,False,True,False
667,Zone 1,8,49,Unmarried,14,134,College degree,No,Female,Yes,Yes,Yes,Total service,Yes,1,60,39.0,1360.4530884123894,0.8638071466080959,0.13619285339190412,411.9998695056101,True,False,False
668,Zone 1,9,28,Married,8,28,Some college,No,Male,No,Yes,No,E-service,Yes,1,35,22.75,770.6210283906811,0.8478496786776912,0.15215032132230877,237.82512901899437,False,False,False
669,Zone 2,12,19,Married,0,15,High school degree,No,Female,No,No,No,E-service,No,0,35,22.75,800.0603840761366,0.8650767698522392,0.13492323014776075,240.26092611401094,False,False,False
670,Zone 2,24,43,Married,15,48,College degree,No,Male,Yes,Yes,Yes,Total service,No,0,60,39.0,1461.0477272685976,0.8932797081666857,0.10672029183331433,418.6784732893292,True,False,False
671,Zone 3,72,75,Unmarried,48,14,High school degree,Yes,Female,No,No,No,E-service,No,0,35,22.75,1076.9802368753735,0.99845390046341,0.0015460995365900176,259.15216167977246,True,False,False
672,Zone 3,58,61,Unmarried,42,101,College degree,No,Female,No,Yes,No,E-service,No,0,35,22.75,1037.449928337837,0.9829706573152277,0.017029342684772297,257.0182335585762,True,False,False
673,Zone 1,70,44,Married,24,87,High school degree,No,Male,Yes,No,Yes,Plus service,No,0,45,29.25,1272.8664243321823,0.961783183656087,0.03821681634391305,326.610618498439,True,False,False
674,Zone 3,9,25,Unmarried,3,27,Did not complete high school,No,Female,No,No,No,Basic service,Yes,1,25,16.25,411.35347032822386,0.6986891647565443,0.3013108352434557,152.7903517355863,False,True,False
675,Zone 1,49,25,Unmarried,1,27,Post-undergraduate degree,No,Female,Yes,Yes,No,E-service,No,0,35,22.75,679.9794368639365,0.7860467838673204,0.2139532161326796,228.04475611038663,False,True,False
676,Zone 3,52,54,Unmarried,7,59,Some college,No,Male,No,No,No,Plus service,No,0,45,29.25,1224.8229138161,0.9445216092339797,0.05547839076602035,323.46955489516074,True,False,False
677,Zone 1,10,42,Married,10,294,College degree,No,Female,Yes,Yes,Yes,Total service,Yes,1,60,39.0,1367.3843359204398,0.8647398384712649,0.1352601615287351,411.9709416742226,True,False,False
678,Zone 1,14,52,Married,2,44,Some college,No,Male,Yes,No,No,Plus service,No,0,45,29.25,1182.8139351802583,0.933141709592435,0.06685829040756497,321.6963412474914,True,False,False
679,Zone 1,19,27,Married,3,35,High school degree,No,Male,Yes,No,Yes,Total service,No,0,60,39.0,1370.4193424695802,0.8624632997405441,0.13753670025945586,410.88866692710576,True,False,False
680,Zone 3,12,36,Married,4,205,College degree,No,Female,Yes,Yes,No,E-service,Yes,1,35,22.75,716.2392103520319,0.8087422391938496,0.19125776080615042,231.60754612349814,False,True,False
681,Zone 1,65,59,Unmarried,27,732,Some college,No,Female,Yes,No,Yes,E-service,No,0,35,22.75,1018.8639778036115,0.9748299089163455,0.025170091083654533,255.87405882902257,False,False,False
682,Zone 1,67,40,Married,14,59,Some college,No,Male,No,No,Yes,Plus service,No,0,45,29.25,1255.5767112367694,0.955599304808124,0.04440069519187595,325.48468022052646,True,False,False
683,Zone 2,29,24,Married,3,23,Did not complete high school,No,Male,No,No,Yes,Plus service,No,0,45,29.25,1078.8537704232454,0.885196151584103,0.11480384841589697,312.4298955758518,True,False,False
684,Zone 3,55,46,Unmarried,8,87,High school degree,No,Female,No,Yes,Yes,Basic service,No,0,25,16.25,537.9951146202471,0.834345183867713,0.16565481613228705,168.1502702947491,False,False,False
685,Zone 3,71,67,Married,25,110,Did not complete high school,No,Female,No,No,Yes,Plus service,No,0,45,29.25,1360.915049726611,0.991377856414769,0.008622143585230946,331.94531188368114,True,False,False
686,Zone 3,5,44,Married,2,83,Some college,No,Female,Yes,Yes,Yes,Plus service,Yes,1,45,29.25,912.1995989999024,0.8092659815012566,0.19073401849874339,298.80137445253746,False,True,False
687,Zone 3,60,58,Unmarried,0,63,College degree,No,Female,No,No,No,E-service,No,0,35,22.75,957.9929859285004,0.9469125864169917,0.05308741358300828,251.92166269482883,False,False,False
688,Zone 2,10,40,Unmarried,6,22,Some college,No,Female,No,Yes,No,Basic service,Yes,1,25,16.25,396.3169475949217,0.6802423411049744,0.3197576588950256,150.54572282389645,False,True,False
689,Zone 3,52,64,Unmarried,44,43,Some college,No,Male,Yes,Yes,Yes,Total service,No,0,60,39.0,1753.1830139919848,0.9768422343096683,0.023157765690331678,439.1435958394736,True,False,False
690,Zone 2,61,43,Married,22,35,High school degree,No,Male,No,Yes,No,E-service,No,0,35,22.75,961.0358610313843,0.9483546645596347,0.051645335440365314,252.1268256665326,False,False,False
691,Zone 1,61,29,Married,5,48,High school degree,No,Male,No,No,No,E-service,No,0,35,22.75,920.0594551722885,0.9281625314842381,0.0718374685157619,249.2300378861879,False,False,False
692,Zone 2,67,47,Married,19,69,Some college,No,Male,No,No,Yes,Plus service,No,0,45,29.25,1300.2751737161075,0.9714651447509217,0.028534855249078284,328.3709409254819,True,False,False
693,Zone 3,41,42,Married,12,26,College degree,No,Male,No,Yes,Yes,E-service,No,0,35,22.75,905.2228961707843,0.9209736412777462,0.07902635872225383,248.21141170016574,False,False,False
694,Zone 1,30,28,Unmarried,1,20,Did not complete high school,No,Female,No,No,No,Basic service,Yes,1,25,16.25,478.3581300730592,0.7759373489882557,0.22406265101174427,161.69053285054358,False,True,False
695,Zone 1,24,46,Unmarried,12,43,High school degree,No,Male,Yes,No,Yes,Total service,No,0,60,39.0,1547.8347357533073,0.9212930331026624,0.07870696689733758,425.7175695299683,True,False,False
696,Zone 1,72,75,Unmarried,37,33,Did not complete high school,Yes,Female,No,No,No,E-service,No,0,35,22.75,1071.2392859218687,0.9963334546631759,0.0036665453368240897,258.8623501326037,True,False,False
697,Zone 2,17,35,Unmarried,7,66,High school degree,No,Male,Yes,Yes,Yes,Total service,Yes,1,60,39.0,1119.6539250721933,0.7618888954059369,0.23811110459406315,384.1885271467995,True,True,True
698,Zone 2,65,72,Unmarried,46,12,High school degree,Yes,Male,No,No,Yes,Plus service,No,0,45,29.25,1379.7243370960216,0.9970817449125674,0.0029182550874325974,332.9562135848028,True,False,False
699,Zone 1,15,30,Married,8,90,High school degree,No,Male,No,Yes,Yes,Total service,No,0,60,39.0,1336.9742699689384,0.8510043550447678,0.1489956449552322,408.0468650422193,True,False,False
700,Zone 1,34,33,Unmarried,8,35,Some college,No,Female,No,No,No,E-service,Yes,1,35,22.75,883.5036477893501,0.9097618467753855,0.09023815322461448,246.59717608906737,False,False,False
701,Zone 1,26,43,Unmarried,23,51,Post-undergraduate degree,No,Female,No,Yes,No,E-service,Yes,1,35,22.75,906.2404725663181,0.9227510467267758,0.07724895327322423,248.53062332406813,False,False,False
702,Zone 2,36,45,Unmarried,22,117,Some college,No,Female,No,No,No,E-service,No,0,35,22.75,998.6669976779123,0.9670296485867319,0.032970351413268095,254.81706308279217,False,False,False
703,Zone 1,60,48,Unmarried,29,100,High school degree,No,Female,No,No,Yes,Plus service,No,0,45,29.25,1302.1715400803523,0.972275923218669,0.027724076781331042,328.523954795932,True,False,False
704,Zone 1,16,54,Unmarried,20,147,Did not complete high school,No,Male,No,No,Yes,Plus service,No,0,45,29.25,1302.1467688249527,0.9760849001956436,0.023915099804356355,329.3955465358729,True,False,False
705,Zone 2,1,33,Unmarried,5,53,College degree,No,Female,No,No,No,Basic service,Yes,1,25,16.25,465.4912480260106,0.775475735629634,0.224524264370366,163.80842227765308,False,True,False
706,Zone 3,56,30,Married,9,57,Post-undergraduate degree,No,Male,Yes,Yes,No,E-service,No,0,35,22.75,805.9170696418079,0.8660849616830913,0.13391503831690865,240.15087715755973,False,False,False
707,Zone 2,6,50,Unmarried,5,37,High school degree,No,Male,No,No,No,E-service,No,0,35,22.75,960.7549266102482,0.9588277325430793,0.04117226745692071,254.16556716522337,False,False,False
708,Zone 2,48,34,Unmarried,7,42,Some college,No,Female,No,No,No,E-service,No,0,35,22.75,892.9032026323721,0.9142913419982656,0.08570865800173444,247.23068648686657,False,False,False
709,Zone 2,34,36,Married,17,50,Did not complete high school,No,Male,No,No,Yes,Plus service,No,0,45,29.25,1250.1259889078115,0.9549902037878314,0.04500979621216861,325.4400264847687,True,False,False
710,Zone 2,54,42,Married,0,55,College degree,No,Male,Yes,Yes,Yes,Total service,Yes,1,60,39.0,1375.017357533237,0.8637693920705728,0.1362306079294272,411.09427490502605,True,False,False
711,Zone 3,38,31,Married,2,42,High school degree,No,Female,Yes,No,Yes,Total service,No,0,60,39.0,1440.997314430096,0.8857197375834691,0.11428026241653089,416.6650467299668,True,False,False
712,Zone 2,25,55,Unmarried,15,37,Did not complete high school,No,Female,No,No,No,Basic service,Yes,1,25,16.25,642.2896676102959,0.919154915961987,0.08084508403801305,177.15411433282378,False,False,False
713,Zone 1,47,69,Married,17,228,Some college,No,Female,Yes,Yes,Yes,Total service,Yes,1,60,39.0,1685.4354101289116,0.9592625115955056,0.040737488404494426,434.9058948649459,True,False,False
714,Zone 1,72,62,Married,35,163,Post-undergraduate degree,No,Male,Yes,Yes,Yes,Total service,No,0,60,39.0,1749.2377729449838,0.9753665554895337,0.02463344451046634,438.76372206394166,True,False,False
715,Zone 2,6,35,Married,6,28,College degree,No,Female,No,Yes,Yes,Total service,No,0,60,39.0,1362.1286434261642,0.8668225273706212,0.13317747262937885,413.19598041923996,True,False,False
716,Zone 1,30,51,Married,9,118,Post-undergraduate degree,No,Female,No,No,No,Basic service,No,0,25,16.25,647.6947557101611,0.9225404771979114,0.07745952280208857,177.4823375471482,False,False,False
717,Zone 1,65,70,Married,9,115,High school degree,Yes,Female,Yes,No,Yes,Total service,No,0,60,39.0,1748.4810231398606,0.9753038025199428,0.024696197480057247,438.75532927408403,True,False,False
718,Zone 1,22,44,Married,19,37,College degree,No,Male,Yes,No,Yes,Plus service,No,0,45,29.25,1249.8337086120787,0.9565119314298989,0.043488068570101124,325.80755280158365,True,False,False
719,Zone 1,60,53,Unmarried,32,93,Did not complete high school,No,Male,No,No,Yes,Plus service,No,0,45,29.25,1326.6564614474119,0.9805509267655858,0.01944907323441425,330.01593694177916,True,False,False
720,Zone 2,19,32,Unmarried,12,71,College degree,No,Female,Yes,Yes,Yes,Total service,Yes,1,60,39.0,1163.7546522924563,0.7811488341778403,0.2188511658221597,389.40700468906573,True,True,True
721,Zone 3,18,25,Unmarried,4,26,High school degree,No,Female,No,No,No,Basic service,No,0,25,16.25,447.86225869682414,0.7419135541655837,0.2580864458344163,157.79254409398203,False,True,False
722,Zone 1,9,37,Married,10,14,College degree,No,Female,No,No,No,Basic service,Yes,1,25,16.25,589.5346886223159,0.8828532220151454,0.11714677798485462,173.64160603784418,False,False,False
723,Zone 1,1,34,Married,6,18,Did not complete high school,No,Female,No,Yes,No,Basic service,Yes,1,25,16.25,411.4619114302021,0.708757526918781,0.291242473081219,156.09980246882577,False,True,False
724,Zone 3,10,28,Married,2,36,College degree,No,Female,Yes,Yes,Yes,Total service,No,0,60,39.0,1062.784162859479,0.7357610116162034,0.26423898838379656,377.16368683208816,True,True,True
725,Zone 3,45,34,Married,14,43,College degree,No,Male,No,Yes,No,E-service,Yes,1,35,22.75,883.2494439093217,0.9092068242890571,0.09079317571094292,246.4934688914987,False,False,False
726,Zone 1,25,28,Married,6,41,College degree,No,Female,Yes,No,Yes,Plus service,Yes,1,45,29.25,1046.370651413954,0.870561396192494,0.12943860380750605,309.65520569675107,True,False,False
727,Zone 3,66,39,Unmarried,1,66,High school degree,No,Female,No,No,No,E-service,No,0,35,22.75,898.0185751495795,0.916860973631137,0.08313902636886294,247.5956389498561,False,False,False
728,Zone 1,27,67,Unmarried,1,33,College degree,Yes,Female,Yes,No,Yes,Plus service,Yes,1,45,29.25,1190.5575320479313,0.9329032299576163,0.06709677004238368,321.4189665828243,True,False,False
729,Zone 1,19,41,Unmarried,5,53,College degree,No,Male,No,No,No,Basic service,No,0,25,16.25,529.1770583614015,0.8245510670982491,0.1754489329017509,167.0790085404694,False,True,False
730,Zone 2,17,41,Married,9,28,College degree,No,Male,No,No,No,Basic service,No,0,25,16.25,604.2532333096681,0.8910571177451176,0.10894288225488236,174.2815677415672,False,False,False
731,Zone 2,16,36,Unmarried,13,58,College degree,No,Male,No,No,Yes,Basic service,No,0,25,16.25,545.3118824549304,0.8400117459198937,0.1599882540801063,168.80569590917298,False,False,False
732,Zone 1,8,42,Married,2,129,College degree,No,Female,No,Yes,No,Basic service,No,0,25,16.25,440.9388228418958,0.734063890486275,0.26593610951372504,157.03834147792588,False,True,False
733,Zone 1,3,25,Unmarried,0,65,College degree,No,Female,Yes,Yes,No,Total service,Yes,1,60,39.0,756.5180491921659,0.5680090089909127,0.43199099100908733,328.30384588208506,False,True,False
734,Zone 3,59,57,Unmarried,26,311,Some college,No,Female,No,No,No,Basic service,No,0,25,16.25,691.9943467310515,0.9520992464918145,0.047900753508185456,180.47312263558337,False,False,False
735,Zone 2,45,37,Unmarried,2,57,Some college,No,Female,No,No,No,E-service,No,0,35,22.75,878.2636175580426,0.906523817961554,0.09347618203844599,246.10193746488738,False,False,False
736,Zone 1,66,62,Unmarried,31,47,High school degree,No,Female,No,No,No,E-service,No,0,35,22.75,1052.8263162820022,0.989165463527087,0.010834536472912992,257.87507660109605,True,False,False
737,Zone 3,28,50,Married,7,25,Did not complete high school,No,Male,No,No,Yes,Basic service,No,0,25,16.25,635.294188190107,0.9134803238369078,0.0865196761630922,176.54826063786206,False,False,False
738,Zone 1,15,38,Married,11,46,Post-undergraduate degree,No,Male,No,No,No,Basic service,Yes,1,25,16.25,600.5733098776706,0.8886969585100992,0.11130304148990078,174.06513378538818,False,False,False
739,Zone 3,39,34,Married,10,51,Some college,No,Female,Yes,No,Yes,Total service,No,0,60,39.0,1542.0873057803954,0.9180804819909267,0.08191951800907327,424.7924518456093,True,False,False
740,Zone 3,38,33,Unmarried,4,19,High school degree,No,Female,No,No,No,Plus service,No,0,45,29.25,1079.3485782914956,0.885098366239069,0.11490163376093099,312.3807269505257,True,False,False
741,Zone 3,34,29,Unmarried,5,26,Some college,No,Female,No,Yes,No,E-service,No,0,35,22.75,731.8866968700394,0.8190320300177105,0.18096796998228948,233.03694754198932,False,True,False
742,Zone 3,60,57,Married,18,72,Post-undergraduate degree,Yes,Male,Yes,Yes,Yes,Total service,No,0,60,39.0,1627.0972260880624,0.9426221630232334,0.05737783697676657,430.8138809812619,True,False,False
743,Zone 3,72,65,Married,33,71,Did not complete high school,Yes,Female,No,No,Yes,Plus service,No,0,45,29.25,1370.1728399974193,0.9942061221390575,0.005793877860942542,332.4470359035905,True,False,False
744,Zone 1,42,42,Married,9,41,High school degree,No,Male,Yes,No,Yes,Plus service,No,0,45,29.25,1177.1969619959511,0.9263201782552116,0.07367982174478838,320.122219410662,True,False,False
745,Zone 3,32,37,Unmarried,9,44,High school degree,No,Male,No,No,No,Basic service,No,0,25,16.25,552.3667594986867,0.8454856093182525,0.15451439068174755,169.322651671756,False,False,False
746,Zone 3,48,50,Married,4,208,College degree,No,Female,Yes,Yes,No,Total service,Yes,1,60,39.0,1455.1278225830397,0.8903485152612856,0.10965148473871444,417.8225647231046,True,False,False
747,Zone 3,63,37,Married,1,45,College degree,No,Female,Yes,Yes,No,E-service,No,0,35,22.75,806.7815972783233,0.8668745013858287,0.13312549861417133,240.27598724885158,False,False,False
748,Zone 3,45,27,Married,3,39,Some college,No,Male,No,No,Yes,E-service,No,0,35,22.75,892.9210081637799,0.9143633162980018,0.08563668370199817,247.2445263149372,False,False,False
749,Zone 2,68,42,Unmarried,16,89,College degree,No,Male,No,Yes,No,E-service,No,0,35,22.75,893.8484131296966,0.9147038605281868,0.08529613947181325,247.28306519383634,False,False,False
750,Zone 1,6,29,Married,4,19,High school degree,No,Female,No,No,No,Basic service,No,0,25,16.25,505.07294372586716,0.8061054702640805,0.19389452973591947,165.50616242167956,False,True,False
751,Zone 1,68,57,Married,33,15,High school degree,No,Female,Yes,Yes,Yes,Total service,Yes,1,60,39.0,1719.4416811443293,0.9677281622791023,0.0322718377208977,436.9237851075155,True,False,False
752,Zone 3,72,68,Married,26,59,High school degree,Yes,Female,Yes,Yes,Yes,Total service,No,0,60,39.0,1731.4489235766928,0.9707911507349781,0.029208849265021875,437.6604319616113,True,False,False
753,Zone 3,53,38,Married,15,20,Some college,No,Female,No,Yes,Yes,E-service,No,0,35,22.75,910.2374742161154,0.9232500970245523,0.0767499029754477,248.5255504404809,False,False,False
754,Zone 3,20,51,Married,11,27,College degree,No,Male,No,No,Yes,Plus service,No,0,45,29.25,1292.7570085986056,0.9720636416305761,0.027936358369423875,328.631339120489,True,False,False
755,Zone 2,70,35,Married,4,48,High school degree,No,Male,No,No,No,E-service,No,0,35,22.75,941.0134579270814,0.9385172607905307,0.06148273920946934,250.71484486009228,False,False,False
756,Zone 3,32,47,Unmarried,25,135,High school degree,No,Female,No,Yes,No,Basic service,No,0,25,16.25,577.5928494480715,0.8671200994601016,0.1328799005398984,171.6436565569049,False,False,False
757,Zone 2,61,52,Married,23,19,Did not complete high school,No,Male,No,No,Yes,Plus service,Yes,1,45,29.25,1328.1929316529734,0.9810365936420417,0.018963406357958346,330.10230787944073,True,False,False
758,Zone 1,24,25,Married,3,28,College degree,No,Male,No,Yes,No,E-service,No,0,35,22.75,739.3921785701107,0.8234412331808979,0.1765587668191021,233.7093555528701,False,True,False
759,Zone 2,56,61,Married,14,12,Did not complete high school,Yes,Female,No,No,No,Basic service,No,0,25,16.25,696.5609837530026,0.9551995941327278,0.044800405867272186,180.79032216269655,False,False,False
760,Zone 3,54,59,Unmarried,28,28,High school degree,No,Male,No,Yes,No,E-service,No,0,35,22.75,993.8507015607522,0.9639233445623179,0.036076655437682126,254.34600211585348,False,False,False
761,Zone 3,43,38,Married,7,18,Some college,No,Female,Yes,Yes,No,Total service,No,0,60,39.0,1377.0661386863198,0.8640659691542041,0.13593403084579592,411.1533672918356,True,False,False
762,Zone 1,19,35,Unmarried,7,58,Some college,No,Female,Yes,Yes,Yes,Total service,Yes,1,60,39.0,1132.6205955970067,0.7677654279544296,0.2322345720455704,385.78209099049866,True,True,True
763,Zone 3,5,43,Unmarried,16,72,Some college,No,Female,No,No,Yes,Plus service,No,0,45,29.25,1242.9401655041743,0.9626188208897655,0.03738117911023453,327.5359976533732,True,False,False
764,Zone 1,24,61,Married,6,112,College degree,No,Female,No,Yes,No,Basic service,Yes,1,25,16.25,584.9708045572065,0.87373011961008,0.12626988038992004,172.3740370157058,False,False,False
765,Zone 3,62,35,Married,2,28,High school degree,No,Female,No,No,No,E-service,No,0,35,22.75,929.5249822987424,0.9329101582641177,0.06708984173588228,249.91318371681612,False,False,False
766,Zone 2,14,40,Unmarried,13,398,Post-undergraduate degree,No,Female,Yes,Yes,Yes,Total service,Yes,1,60,39.0,1244.5394074158423,0.8150667915363753,0.1849332084636247,398.6209128675232,True,True,True
767,Zone 3,60,48,Married,22,106,Some college,No,Female,Yes,No,Yes,Total service,No,0,60,39.0,1720.3299123325626,0.9681376386961579,0.031862361303842124,437.03247709161235,True,False,False
768,Zone 2,30,74,Married,12,10,Did not complete high school,Yes,Female,No,No,Yes,Plus service,No,0,45,29.25,1357.0698778138383,0.9912685955781175,0.008731404421882472,331.966477414889,True,False,False
769,Zone 1,40,42,Married,16,108,Some college,No,Male,No,Yes,No,E-service,Yes,1,35,22.75,924.8242866854104,0.9311478524018222,0.06885214759817782,249.68577135859232,False,False,False
770,Zone 2,42,50,Married,17,85,High school degree,No,Female,No,No,No,Basic service,No,0,25,16.25,676.0554876540045,0.941905522678701,0.05809447732129902,179.44910663142454,False,False,False
771,Zone 1,20,34,Unmarried,14,51,Some college,No,Female,No,Yes,No,E-service,Yes,1,35,22.75,790.6024461859854,0.8567957027104303,0.14320429728956974,238.81679904061912,False,False,False
772,Zone 1,4,22,Married,1,22,High school degree,No,Female,No,No,Yes,Plus service,No,0,45,29.25,1023.4956385722747,0.8713550882098994,0.12864491179010062,311.28457863356385,True,False,False
773,Zone 2,44,49,Married,2,66,High school degree,No,Female,Yes,No,Yes,Total service,No,0,60,39.0,1587.6013662779112,0.9316092532430407,0.06839074675695933,428.13274895790306,True,False,False
774,Zone 3,49,63,Unmarried,18,10,High school degree,Yes,Male,No,No,Yes,Plus service,No,0,45,29.25,1310.1971929906235,0.9753642131805804,0.02463578681941958,329.09584644603365,True,False,False
775,Zone 3,5,36,Married,2,34,Did not complete high school,No,Female,No,No,Yes,Plus service,Yes,1,45,29.25,1162.2610318915638,0.9324840132923098,0.06751598670769021,322.29338903222975,True,False,False
776,Zone 3,70,50,Married,29,67,Did not complete high school,No,Male,No,No,No,E-service,No,0,35,22.75,1049.3668792002559,0.9876964555458445,0.01230354445415549,257.6695597156746,True,False,False
777,Zone 1,30,57,Married,16,19,Did not complete high school,No,Male,No,No,No,Basic service,Yes,1,25,16.25,691.9084046127144,0.9536614719321392,0.04633852806786076,180.67707571301736,False,False,False
778,Zone 2,28,48,Unmarried,20,128,College degree,No,Female,Yes,Yes,Yes,Total service,Yes,1,60,39.0,1454.806003878354,0.8907590279457165,0.10924097205428351,417.9932495378737,True,False,False
779,Zone 1,5,28,Married,3,39,Post-undergraduate degree,No,Male,Yes,Yes,Yes,Total service,No,0,60,39.0,1047.246912835312,0.7306179624447564,0.2693820375552436,376.632525789994,True,True,True
780,Zone 2,27,35,Unmarried,12,56,Did not complete high school,No,Female,Yes,No,Yes,Total service,No,0,60,39.0,1450.6800363747393,0.8894648649608907,0.11053513503910928,417.6746286336019,True,False,False
781,Zone 2,17,39,Unmarried,12,45,College degree,No,Female,No,No,No,Basic service,Yes,1,25,16.25,555.2622218503147,0.8488795010056582,0.15112049899434177,169.7577866034173,False,False,False
782,Zone 1,4,37,Married,8,25,Did not complete high school,No,Female,No,No,No,Basic service,No,0,25,16.25,581.6887409292281,0.8829990756381659,0.11700092436183407,174.156088152494,False,False,False
783,Zone 1,30,23,Married,0,24,High school degree,No,Female,No,Yes,No,Plus service,No,0,45,29.25,894.1705204766241,0.7940702493258014,0.2059297506741986,294.668913001532,False,True,False
784,Zone 3,71,40,Married,19,53,College degree,No,Female,No,Yes,Yes,Total service,No,0,60,39.0,1607.168180417504,0.9367909813002534,0.0632090186997466,429.37199311208377,True,False,False
785,Zone 3,67,77,Unmarried,55,49,Did not complete high school,Yes,Female,No,No,No,Basic service,No,0,25,16.25,764.0831940326534,0.995794500945217,0.004205499054782957,184.8495575774293,False,False,False
786,Zone 3,24,48,Married,3,38,Did not complete high school,No,Female,No,No,No,Basic service,No,0,25,16.25,607.8409206617143,0.8925331223716251,0.10746687762837492,174.37052629419284,False,False,False
787,Zone 1,24,54,Married,7,84,Some college,No,Female,No,Yes,No,Basic service,Yes,1,25,16.25,560.5115797459042,0.8527172890396842,0.14728271096031575,170.1187094453699,False,False,False
788,Zone 2,59,54,Unmarried,32,126,Did not complete high school,No,Female,No,No,Yes,Plus service,No,0,45,29.25,1329.3649189586085,0.9814698264417884,0.018530173558211627,330.1818845403567,True,False,False
789,Zone 3,59,32,Unmarried,9,73,College degree,No,Male,No,No,No,E-service,Yes,1,35,22.75,901.9983933084378,0.918932681432611,0.08106731856738902,247.89723316589624,False,False,False
790,Zone 3,44,37,Married,1,41,College degree,No,Female,Yes,Yes,No,E-service,No,0,35,22.75,775.1439897381196,0.8471417607789788,0.15285823922102115,237.30977242200748,False,False,False
791,Zone 1,19,31,Married,0,22,College degree,No,Male,No,No,No,E-service,Yes,1,35,22.75,879.6551986583643,0.9097082655523866,0.0902917344476134,246.7055134854999,False,False,False
792,Zone 2,58,46,Married,23,23,Did not complete high school,No,Female,No,Yes,No,Basic service,No,0,25,16.25,628.1920219217009,0.9070994672937925,0.09290053270620746,175.84218315989935,False,False,False
793,Zone 1,41,53,Married,22,94,High school degree,No,Male,No,No,No,E-service,No,0,35,22.75,1045.8515608215835,0.9869722462400773,0.013027753759922711,257.59017093374155,True,False,False
794,Zone 2,16,33,Unmarried,1,30,Some college,No,Male,Yes,No,Yes,Plus service,Yes,1,45,29.25,917.9680471499643,0.8063385604769092,0.19366143952309078,297.16534292585425,False,True,False
795,Zone 3,13,36,Unmarried,11,31,High school degree,No,Male,No,No,No,Basic service,Yes,1,25,16.25,529.6444458687499,0.8260640595535698,0.17393594044643024,167.33100770207315,False,True,False
796,Zone 1,60,53,Unmarried,22,171,Did not complete high school,No,Female,No,No,Yes,Plus service,No,0,45,29.25,1291.720387686122,0.9686524491040487,0.031347550895951315,327.867725272411,True,False,False
797,Zone 2,72,49,Married,23,102,Did not complete high school,No,Female,No,No,No,E-service,No,0,35,22.75,1036.0790569063288,0.9821219484539867,0.017878051546013296,256.89188930357307,True,False,False
798,Zone 2,33,39,Unmarried,17,27,College degree,No,Female,Yes,Yes,No,Total service,No,0,60,39.0,1352.1327005158482,0.8550653103381257,0.14493468966187428,408.8462743681252,True,False,False
799,Zone 2,72,45,Married,25,98,College degree,No,Female,Yes,No,Yes,Total service,No,0,60,39.0,1722.8473366446663,0.9685501594456836,0.03144984055431643,437.11885437410194,True,False,False
800,Zone 1,66,54,Married,8,591,College degree,No,Female,Yes,No,Yes,Total service,No,0,60,39.0,1670.4403913382075,0.9546148268688437,0.04538517313115631,433.7406530837962,True,False,False
801,Zone 3,53,37,Married,7,25,Did not complete high school,No,Female,No,No,Yes,Plus service,No,0,45,29.25,1202.7377117177318,0.9360305268656618,0.0639694731343382,321.90235465457096,True,False,False
802,Zone 2,22,28,Married,0,36,College degree,No,Male,No,Yes,Yes,Total service,No,0,60,39.0,1236.3053335740112,0.8111318740374268,0.18886812596257319,397.40685665556555,True,True,True
803,Zone 2,14,26,Married,1,25,High school degree,No,Female,No,No,Yes,Plus service,No,0,45,29.25,1056.9099785612298,0.8778174735900617,0.12218252640993832,311.27091571863235,True,False,False
804,Zone 1,52,49,Unmarried,18,69,High school degree,No,Female,No,No,Yes,Plus service,No,0,45,29.25,1259.061107880877,0.9572432583598893,0.042756741640110674,325.8017985893071,True,False,False
805,Zone 3,33,30,Married,5,22,Did not complete high school,No,Male,No,No,Yes,Plus service,No,0,45,29.25,1138.3216132940995,0.9108351373385063,0.0891648626614937,317.25962782395465,True,False,False
806,Zone 3,72,66,Unmarried,26,67,High school degree,Yes,Female,No,No,Yes,Plus service,No,0,45,29.25,1339.183009307624,0.984442184336742,0.015557815663257979,330.70596209913145,True,False,False
807,Zone 1,40,40,Married,3,73,College degree,No,Female,Yes,No,Yes,Plus service,Yes,1,45,29.25,1124.0440091763062,0.9044628127705958,0.09553718722940419,316.03823459660015,True,False,False
808,Zone 2,29,26,Unmarried,1,22,College degree,No,Female,Yes,Yes,Yes,Total service,Yes,1,60,39.0,1045.698651317326,0.7312881154410733,0.2687118845589267,375.9539620364515,True,True,True
809,Zone 3,63,67,Unmarried,22,9,High school degree,Yes,Male,No,No,Yes,Plus service,No,0,45,29.25,1331.9509557742201,0.9822326740399644,0.017767325960035607,330.3154322787884,True,False,False
810,Zone 2,56,54,Unmarried,25,147,Some college,No,Female,No,Yes,No,E-service,No,0,35,22.75,967.5956895278357,0.9516069537070221,0.048393046292977915,252.59497294462153,False,False,False
811,Zone 3,60,50,Married,26,239,High school degree,No,Female,Yes,No,Yes,Total service,No,0,60,39.0,1748.6877889252548,0.9754706809785978,0.024529319021402207,438.8014962850184,True,False,False
812,Zone 3,28,22,Married,3,23,Some college,No,Male,No,No,No,Basic service,No,0,25,16.25,507.0398469878274,0.803752598413153,0.19624740158684695,164.77019320725302,False,True,False
813,Zone 2,39,39,Unmarried,19,29,College degree,No,Male,No,Yes,No,E-service,No,0,35,22.75,872.1458234065861,0.9033399254485902,0.09666007455140979,245.64493547089845,False,False,False
814,Zone 3,65,39,Married,18,32,High school degree,No,Male,No,No,Yes,Plus service,No,0,45,29.25,1269.06310418387,0.9605134389055561,0.03948656109444393,326.3831608037666,True,False,False
815,Zone 3,29,31,Unmarried,7,30,Some college,No,Female,No,No,Yes,Plus service,No,0,45,29.25,1075.3160588387245,0.8835997007553711,0.11640029924462891,312.12551460459656,True,False,False
816,Zone 3,28,36,Unmarried,8,57,High school degree,No,Female,No,No,Yes,Plus service,No,0,45,29.25,1116.310228193446,0.9018420918066313,0.09815790819336867,315.59528577670386,True,False,False
817,Zone 1,2,18,Unmarried,0,20,High school degree,No,Male,No,No,Yes,Plus service,Yes,1,45,29.25,831.8559700211018,0.7672086965230056,0.2327913034769944,291.8622692252451,False,True,False
818,Zone 3,67,52,Unmarried,13,248,High school degree,No,Female,No,No,Yes,Plus service,No,0,45,29.25,1250.3024512962472,0.9536726792798303,0.04632732072016965,325.1324097184787,True,False,False
819,Zone 3,5,35,Married,9,59,Some college,No,Female,No,Yes,No,Total service,No,0,60,39.0,1411.8447979763466,0.8867413011853809,0.11325869881461914,418.54220286745453,True,False,False
820,Zone 3,48,35,Unmarried,10,24,High school degree,No,Male,No,No,Yes,Plus service,No,0,45,29.25,1144.5325443420804,0.9128561004300804,0.08714389956991964,317.5996326132711,True,False,False
821,Zone 2,10,26,Married,4,25,Did not complete high school,No,Female,No,No,No,Basic service,No,0,25,16.25,492.93392662242354,0.7904619836342962,0.2095380163657038,163.4473352179031,False,True,False
822,Zone 2,17,28,Unmarried,3,37,Some college,No,Female,No,No,Yes,Plus service,Yes,1,45,29.25,994.2137610719027,0.8462360915082643,0.1537639084917357,305.04684281241435,False,False,False
823,Zone 1,21,24,Married,0,30,College degree,No,Female,Yes,Yes,Yes,Total service,No,0,60,39.0,1072.658370000431,0.7415015780268581,0.2584984219731419,378.61543206392196,True,True,True
824,Zone 2,25,51,Unmarried,9,66,College degree,No,Male,Yes,Yes,Yes,Total service,No,0,60,39.0,1352.6475843402538,0.8553673771049811,0.14463262289501888,408.9611058897492,True,False,False
825,Zone 3,44,31,Unmarried,8,16,Did not complete high school,No,Male,No,No,No,Basic service,Yes,1,25,16.25,544.316143236664,0.8390514400941359,0.1609485599058641,168.63825834912817,False,False,False
826,Zone 2,59,49,Unmarried,28,429,College degree,No,Female,No,No,Yes,Total service,Yes,1,60,39.0,1749.982334161013,0.97582542649032,0.024174573509679997,438.8881764323614,True,False,False
827,Zone 2,11,26,Unmarried,7,20,High school degree,No,Male,No,No,No,Basic service,No,0,25,16.25,448.37381287669893,0.7419430108106008,0.25805698918939923,157.8460955068008,False,True,False
828,Zone 2,50,68,Married,32,262,Some college,No,Male,No,Yes,Yes,Plus service,No,0,45,29.25,1340.9508210364274,0.9854786207614583,0.014521379238541687,330.9088981939089,True,False,False
829,Zone 3,23,25,Married,2,28,Some college,No,Female,No,No,No,E-service,No,0,35,22.75,860.8952706728803,0.8983448570766159,0.10165514292338407,244.98588171720397,False,False,False
830,Zone 1,17,19,Unmarried,0,18,High school degree,No,Female,No,Yes,No,E-service,Yes,1,35,22.75,580.3222406044479,0.7039987190601498,0.29600128093985023,214.7354441498945,False,True,False
831,Zone 1,15,62,Married,3,144,Some college,No,Male,Yes,No,Yes,Plus service,No,0,45,29.25,1251.655230639015,0.9590649510937332,0.04093504890626676,326.3873519772565,True,False,False
832,Zone 2,68,57,Married,38,33,Did not complete high school,No,Female,No,No,No,E-service,No,0,35,22.75,1068.4602656425411,0.9953084833150883,0.004691516684911745,258.7224617464998,True,False,False
833,Zone 1,69,42,Married,23,19,Some college,No,Female,No,Yes,No,Basic service,No,0,25,16.25,624.2361606637058,0.9042421050323062,0.09575789496769382,175.54564731468523,False,False,False
834,Zone 1,30,24,Married,3,30,Did not complete high school,No,Female,No,No,No,Basic service,Yes,1,25,16.25,518.8311270557167,0.8150583503095195,0.18494164969048055,166.0151780297337,False,True,False
835,Zone 3,22,30,Unmarried,8,41,High school degree,No,Male,Yes,No,No,Plus service,No,0,45,29.25,979.5754616967682,0.8382635533403602,0.16173644665963982,303.4098895744309,False,False,False
836,Zone 2,10,20,Married,1,20,High school degree,No,Female,No,No,No,Basic service,Yes,1,25,16.25,440.9315048974262,0.7335905202343248,0.2664094797656752,156.89739292832098,False,True,False
837,Zone 1,72,59,Married,12,65,Some college,No,Female,No,No,No,E-service,No,0,35,22.75,1030.6520946578564,0.9798088612446302,0.02019113875536982,256.5683956773651,True,False,False
838,Zone 2,34,24,Married,5,17,College degree,No,Female,No,No,No,Plus service,No,0,45,29.25,1101.3392994064639,0.8949029765458514,0.10509702345414862,314.2510029203422,True,False,False
839,Zone 2,43,49,Married,18,66,Did not complete high school,No,Male,No,No,No,Plus service,No,0,45,29.25,1305.589269439509,0.9740626303298943,0.025937369670105737,328.8725485689987,True,False,False
840,Zone 3,31,37,Married,15,18,College degree,No,Male,Yes,Yes,Yes,Total service,No,0,60,39.0,1418.0881158969648,0.8781637516745439,0.12183624832545614,414.77074751921407,True,False,False
841,Zone 2,6,27,Married,5,26,College degree,No,Male,No,No,No,Basic service,Yes,1,25,16.25,500.07388154953014,0.8008924237449196,0.19910757625508035,164.91965183978795,False,True,False
842,Zone 2,48,42,Unmarried,21,46,College degree,No,Male,No,No,Yes,Plus service,No,0,45,29.25,1243.679623724589,0.9517379801677632,0.04826201983223677,324.8016805368462,True,False,False
843,Zone 2,50,25,Unmarried,6,19,Did not complete high school,No,Male,No,No,No,Basic service,No,0,25,16.25,526.8118529154405,0.82410429322024,0.17589570677975996,167.03772010411802,False,True,False
844,Zone 3,20,41,Married,19,58,High school degree,No,Female,No,No,No,E-service,No,0,35,22.75,1019.327104277267,0.9779543379683711,0.022045662031628943,256.4154173889102,False,False,False
845,Zone 3,61,73,Unmarried,10,25,Did not complete high school,Yes,Male,No,No,No,Basic service,No,0,25,16.25,685.9547124194042,0.9480191889477135,0.05198081105228647,180.05638471635316,False,False,False
846,Zone 2,6,21,Unmarried,0,15,High school degree,No,Female,No,No,No,Basic service,No,0,25,16.25,357.5052420089942,0.628951664319168,0.37104833568083195,144.32786319822407,False,True,False
847,Zone 2,1,22,Unmarried,2,35,High school degree,No,Male,No,Yes,No,Basic service,Yes,1,25,16.25,226.0688110406153,0.4190101887099339,0.5809898112900661,116.1935567957246,False,True,False
848,Zone 1,21,43,Unmarried,13,41,High school degree,No,Female,Yes,Yes,Yes,Total service,Yes,1,60,39.0,1305.3113574120152,0.838026621410566,0.16197337858943395,404.497519900563,True,False,False
849,Zone 3,7,32,Unmarried,1,71,College degree,No,Male,No,Yes,Yes,Total service,No,0,60,39.0,1066.7792527709455,0.7386439277743647,0.2613560722256353,378.3515693421768,True,True,True
850,Zone 3,65,56,Married,19,608,Some college,No,Female,Yes,No,Yes,Total service,No,0,60,39.0,1739.4026274390653,0.9729781689134227,0.027021831086577297,438.19507925739435,True,False,False
851,Zone 1,64,37,Unmarried,10,44,College degree,No,Female,Yes,No,Yes,E-service,No,0,35,22.75,886.8453697170029,0.9110255401891838,0.0889744598108162,246.74952248521606,False,False,False
852,Zone 3,4,30,Unmarried,0,41,High school degree,No,Male,No,No,Yes,Plus service,Yes,1,45,29.25,965.722063750403,0.8411369730506135,0.15886302694938648,305.4636852971706,False,False,False
853,Zone 1,67,45,Married,22,83,Some college,No,Female,No,No,Yes,E-service,No,0,35,22.75,1026.3606596259986,0.97805001752311,0.02194998247688995,256.3246204992585,True,False,False
854,Zone 2,22,35,Unmarried,12,28,High school degree,No,Male,No,Yes,No,E-service,Yes,1,35,22.75,785.6231394938594,0.8534354742499235,0.1465645257500765,238.2889146881731,False,False,False
855,Zone 3,51,37,Married,17,101,High school degree,No,Female,No,No,Yes,Plus service,No,0,45,29.25,1254.9129481356715,0.9557641346943143,0.044235865305685684,325.5331582558389,True,False,False
856,Zone 1,50,28,Unmarried,6,28,Did not complete high school,No,Female,No,No,Yes,Plus service,No,0,45,29.25,1082.477858775772,0.8865080040650356,0.1134919959349644,312.64031531437354,True,False,False
857,Zone 1,31,47,Married,18,35,High school degree,No,Male,No,No,No,Basic service,No,0,25,16.25,669.2758208679755,0.9380055023915234,0.06199449760847664,179.07464808848488,False,False,False
858,Zone 3,4,28,Unmarried,0,39,High school degree,No,Female,No,No,Yes,Plus service,Yes,1,45,29.25,943.5096619094871,0.8289010147735969,0.1710989852264031,303.05932569634973,False,True,False
859,Zone 3,60,56,Unmarried,19,51,College degree,No,Male,Yes,Yes,Yes,Total service,No,0,60,39.0,1552.707183457986,0.9208629878374409,0.07913701216255908,425.44502570589253,True,False,False
860,Zone 3,7,31,Married,12,31,High school degree,No,Female,No,No,No,Basic service,Yes,1,25,16.25,570.8244132521471,0.8684644832509413,0.13153551674905872,172.2436178438989,False,False,False
861,Zone 3,20,40,Unmarried,2,209,College degree,No,Female,No,No,No,E-service,No,0,35,22.75,875.1131742860867,0.9069335488743642,0.09306645112563583,246.284092121489,False,False,False
862,Zone 2,19,23,Married,4,37,Some college,No,Female,No,No,No,Plus service,Yes,1,45,29.25,1066.3056069786512,0.8807224618893141,0.11927753811068587,311.6858253608723,True,False,False
863,Zone 3,58,37,Married,5,64,College degree,No,Female,Yes,Yes,Yes,Total service,Yes,1,60,39.0,1391.417193746413,0.8694914414692398,0.13050855853076015,412.555977206209,True,False,False
864,Zone 3,65,64,Unmarried,20,88,Some college,No,Female,Yes,Yes,Yes,Total service,Yes,1,60,39.0,1613.4621239061544,0.9386525319424333,0.061347468057566745,429.83369767749195,True,False,False
865,Zone 3,72,61,Married,34,61,Did not complete high school,No,Male,No,No,No,E-service,No,0,35,22.75,1067.5815785077773,0.9949380868067444,0.005061913193255552,258.6706839161871,True,False,False
866,Zone 3,8,42,Unmarried,3,66,Some college,No,Male,Yes,Yes,Yes,Total service,No,0,60,39.0,1089.3322833405662,0.7489135396016217,0.25108646039837834,381.06558855982973,True,True,True
867,Zone 2,33,40,Married,14,19,Some college,No,Male,No,No,No,Basic service,No,0,25,16.25,631.0782151065328,0.9098307995256396,0.09016920047436039,176.15053393227367,False,False,False
868,Zone 3,18,34,Married,4,42,High school degree,No,Female,Yes,No,Yes,Total service,No,0,60,39.0,1455.756412366963,0.892662832874794,0.10733716712520602,418.65077237939727,True,False,False
869,Zone 2,24,31,Married,6,41,High school degree,No,Male,No,No,Yes,Plus service,No,0,45,29.25,1146.1876442177668,0.915151372324896,0.08484862767510404,318.13851180297985,True,False,False
870,Zone 3,70,36,Unmarried,8,50,Did not complete high school,No,Female,No,No,No,E-service,No,0,35,22.75,919.0176926772433,0.9275849387974252,0.0724150612025748,249.14392636731577,False,False,False
871,Zone 1,7,38,Unmarried,4,70,College degree,No,Male,Yes,Yes,No,Total service,Yes,1,60,39.0,1043.8149814321278,0.7274405964746942,0.27255940352530583,375.17858948291695,True,True,True
872,Zone 3,70,59,Unmarried,27,85,Did not complete high school,No,Female,No,No,Yes,Plus service,No,0,45,29.25,1325.8361583239496,0.980078919094321,0.01992108090567901,329.92347650618905,True,False,False
873,Zone 2,20,48,Married,21,45,Some college,No,Female,Yes,No,Yes,Plus service,Yes,1,45,29.25,1282.1392373774147,0.9684394750598864,0.03156052494011363,327.98385964533134,True,False,False
874,Zone 3,54,32,Married,12,27,Did not complete high school,No,Male,No,No,No,E-service,No,0,35,22.75,957.3573102661185,0.9467514995356797,0.05324850046432028,251.90408545362882,False,False,False
875,Zone 3,36,48,Unmarried,28,29,Did not complete high school,No,Male,No,No,No,Basic service,No,0,25,16.25,671.4011644589864,0.9390493775474957,0.060950622452504266,179.1676863838284,False,False,False
876,Zone 3,71,53,Married,29,48,College degree,No,Female,No,No,Yes,Plus service,No,0,45,29.25,1344.9024850533986,0.9863090153429295,0.013690984657070526,331.0408520402631,True,False,False
877,Zone 1,17,41,Unmarried,4,32,High school degree,No,Male,No,No,Yes,Plus service,No,0,45,29.25,1110.1719701949507,0.9011756850727322,0.09882431492726784,315.62844642387944,True,False,False
878,Zone 1,18,45,Married,17,43,Did not complete high school,No,Male,No,No,Yes,Plus service,No,0,45,29.25,1298.8100628306936,0.9745101995419859,0.025489800458014078,329.0898898410672,True,False,False
879,Zone 1,16,27,Unmarried,8,16,Post-undergraduate degree,No,Female,No,No,Yes,Total service,Yes,1,60,39.0,1417.395896692924,0.8799915505704184,0.12000844942958155,415.49161250244896,True,False,False
880,Zone 3,38,30,Married,6,22,High school degree,No,Female,No,Yes,No,E-service,No,0,35,22.75,812.8758163961564,0.8696387172207997,0.13036128277920034,240.66950259099215,False,False,False
881,Zone 1,52,45,Married,19,40,Some college,No,Female,Yes,Yes,Yes,Total service,No,0,60,39.0,1551.862746562051,0.9206903562183519,0.07930964378164806,425.40996191792306,True,False,False
882,Zone 1,46,48,Married,12,256,Some college,No,Male,Yes,Yes,Yes,Total service,No,0,60,39.0,1507.117816522995,0.906986984188472,0.09301301581152799,422.0032123549162,True,False,False
883,Zone 2,31,46,Unmarried,23,144,College degree,No,Male,No,Yes,Yes,Plus service,No,0,45,29.25,1154.0929739918413,0.9175920331427821,0.08240796685721785,318.5370937667027,True,False,False
884,Zone 2,23,31,Unmarried,10,45,College degree,No,Male,No,Yes,No,E-service,No,0,35,22.75,749.0487515423391,0.8298319256370081,0.17016807436299186,234.69210216109505,False,True,False
885,Zone 2,38,56,Married,34,34,High school degree,No,Female,No,Yes,Yes,Plus service,No,0,45,29.25,1318.713418166583,0.9787489743628361,0.021251025637163856,329.72687472086267,True,False,False
886,Zone 2,50,54,Unmarried,15,248,Some college,No,Female,No,No,Yes,Plus service,No,0,45,29.25,1264.9873732043586,0.9594674958073994,0.04053250419260057,326.21109303791116,True,False,False
887,Zone 2,16,49,Unmarried,17,41,High school degree,No,Male,Yes,Yes,Yes,Total service,No,0,60,39.0,1409.4706414133102,0.8771940292094377,0.12280597079056232,414.77506871973077,True,False,False
888,Zone 2,14,34,Married,4,27,College degree,No,Female,Yes,Yes,Yes,Total service,No,0,60,39.0,1191.8521505415702,0.7931994140196931,0.20680058598030693,392.7579215773907,True,True,True
889,Zone 2,30,52,Unmarried,23,17,Some college,No,Female,No,Yes,No,E-service,Yes,1,35,22.75,948.232922613945,0.9437282240417009,0.05627177595829913,251.53056322854735,False,False,False
890,Zone 3,22,47,Married,0,44,College degree,No,Female,Yes,Yes,Yes,Total service,Yes,1,60,39.0,1319.0857358330745,0.8431569594710309,0.15684304052896914,405.82356829017033,True,False,False
891,Zone 1,38,55,Married,12,135,High school degree,No,Male,Yes,Yes,Yes,Total service,No,0,60,39.0,1550.5710183344606,0.9207372477213208,0.07926275227867918,425.45818927651294,True,False,False
892,Zone 3,59,26,Married,3,41,College degree,No,Female,No,Yes,No,E-service,Yes,1,35,22.75,810.8541791278002,0.8690646724509958,0.13093532754900417,240.5955472273563,False,False,False
893,Zone 2,54,55,Unmarried,1,587,Some college,No,Male,Yes,No,Yes,Plus service,No,0,45,29.25,1141.536365492644,0.9115591905882042,0.08844080941179577,317.35185964956065,True,False,False
894,Zone 3,9,40,Unmarried,13,38,College degree,No,Female,Yes,Yes,Yes,Total service,Yes,1,60,39.0,1226.3123186805196,0.8094802258759883,0.19051977412401166,397.5269340366648,True,True,True
895,Zone 1,67,67,Married,38,49,High school degree,No,Female,No,Yes,No,E-service,No,0,35,22.75,1056.9047833340856,0.9907938760266651,0.009206123973334868,258.1002294267996,True,False,False
896,Zone 2,24,44,Unmarried,19,33,Some college,No,Female,No,No,No,Basic service,No,0,25,16.25,617.9409709466686,0.9005782245804906,0.09942177541950936,175.21827827872576,False,False,False
897,Zone 2,12,55,Married,13,36,Did not complete high school,No,Female,No,Yes,No,E-service,Yes,1,35,22.75,971.8021077488585,0.959531979025647,0.04046802097435298,253.9891100943752,False,False,False
898,Zone 1,26,47,Unmarried,13,54,Some college,No,Male,Yes,Yes,No,E-service,No,0,35,22.75,804.1164923130679,0.8645951912800157,0.13540480871998428,239.94339139652988,False,False,False
899,Zone 2,3,32,Unmarried,4,58,High school degree,No,Male,Yes,No,Yes,Total service,Yes,1,60,39.0,1277.774813805451,0.8395828394817123,0.1604171605182877,407.4833182614255,True,False,False
900,Zone 2,20,46,Unmarried,2,23,Post-undergraduate degree,No,Female,Yes,Yes,Yes,Total service,No,0,60,39.0,1194.2803915774948,0.7939993794777961,0.20600062052220391,392.85570099354294,True,True,True
901,Zone 3,5,52,Married,0,97,Post-undergraduate degree,No,Male,Yes,Yes,Yes,Total service,Yes,1,60,39.0,1348.3666500948223,0.863180418198008,0.13681958180199205,412.5645592102485,True,False,False
902,Zone 3,58,53,Unmarried,19,207,Some college,No,Female,Yes,Yes,Yes,Total service,Yes,1,60,39.0,1530.6091194957087,0.9141728909957428,0.08582710900425716,423.78421179708533,True,False,False
903,Zone 1,54,28,Married,2,21,Some college,No,Male,No,No,No,Basic service,No,0,25,16.25,564.3604688322904,0.8566943111228895,0.14330568887711048,170.53765141462281,False,False,False
904,Zone 2,52,39,Unmarried,6,119,Some college,No,Female,No,No,No,Basic service,No,0,25,16.25,572.6627750209731,0.8634716972790993,0.13652830272090066,171.25608498194129,False,False,False
905,Zone 2,38,30,Married,10,25,Did not complete high school,No,Female,No,No,No,Basic service,No,0,25,16.25,583.1582046031401,0.8717275024026632,0.12827249759733683,172.12880634216472,False,False,False
906,Zone 2,19,46,Unmarried,5,59,Some college,No,Male,No,No,No,Basic service,No,0,25,16.25,552.1732216503792,0.8457553140160377,0.15424468598396235,169.39652059803234,False,False,False
907,Zone 2,22,33,Married,2,24,Did not complete high school,No,Male,No,No,No,Basic service,No,0,25,16.25,537.1674106807061,0.8318234380398479,0.16817656196015207,167.85868424082392,False,False,False
908,Zone 1,49,35,Married,15,113,College degree,No,Male,No,No,No,E-service,No,0,35,22.75,978.5544098077936,0.9570203044118789,0.04297969558812109,253.37373953940772,False,False,False
909,Zone 3,5,39,Unmarried,0,22,Did not complete high school,No,Female,No,No,Yes,Plus service,No,0,45,29.25,1057.4910469082554,0.8860740207092603,0.11392597929073967,313.78110578260635,True,False,False
910,Zone 2,18,69,Unmarried,28,11,Did not complete high school,Yes,Male,No,No,No,Basic service,No,0,25,16.25,729.6175453650643,0.979217721450717,0.02078227854928305,183.28904357075265,False,False,False
911,Zone 3,43,29,Unmarried,4,33,Did not complete high school,No,Female,No,No,Yes,Plus service,No,0,45,29.25,1063.1467963093842,0.8778670573921377,0.12213294260786234,311.0005851825914,True,False,False
912,Zone 3,17,50,Unmarried,2,205,Post-undergraduate degree,No,Male,Yes,Yes,Yes,Total service,Yes,1,60,39.0,1223.7428535903537,0.806162555981598,0.19383744401840197,396.14899002338984,True,True,True
913,Zone 2,37,33,Unmarried,4,41,Some college,No,Female,No,No,No,E-service,Yes,1,35,22.75,863.4095579101993,0.898590128289545,0.10140987171045501,244.95234389112392,False,False,False
914,Zone 2,8,39,Unmarried,0,39,Did not complete high school,No,Female,No,No,No,Basic service,No,0,25,16.25,467.1500924772426,0.7637515644866357,0.23624843551336427,160.49850104032518,False,True,False
915,Zone 2,51,46,Married,8,107,High school degree,No,Female,No,No,Yes,Plus service,No,0,45,29.25,1248.3893484877551,0.9533665799932726,0.04663342000672743,325.0945493522591,True,False,False
916,Zone 1,71,55,Married,11,198,Did not complete high school,No,Female,Yes,No,Yes,Plus service,No,0,45,29.25,1257.7216469568514,0.9563154489428306,0.043684551057169396,325.61273873331197,True,False,False
917,Zone 1,56,53,Married,23,100,Post-undergraduate degree,No,Female,Yes,Yes,No,E-service,No,0,35,22.75,959.9509686312498,0.9479481499048681,0.05205185009513191,252.07301008483992,False,False,False
918,Zone 3,70,68,Unmarried,21,1131,High school degree,No,Male,No,No,Yes,Plus service,No,0,45,29.25,1330.6723188179503,0.981682326228079,0.01831767377192095,330.21176919586634,True,False,False
919,Zone 1,62,53,Unmarried,14,360,Some college,No,Female,No,No,Yes,Plus service,No,0,45,29.25,1257.7122127508665,0.9564742206159177,0.04352577938408231,325.6488371971634,True,False,False
920,Zone 1,50,52,Married,22,162,High school degree,No,Female,Yes,No,Yes,Total service,No,0,60,39.0,1739.2270476154822,0.973357841944549,0.026642158055451004,438.3097249664825,True,False,False
921,Zone 3,1,31,Unmarried,3,29,Post-undergraduate degree,No,Female,No,Yes,No,Basic service,Yes,1,25,16.25,285.66962071476115,0.5226862316594554,0.4773137683405446,131.78034106738758,False,True,False
922,Zone 3,15,26,Unmarried,1,38,College degree,No,Male,Yes,Yes,Yes,Total service,Yes,1,60,39.0,927.0051007187215,0.6692995630796932,0.3307004369203068,358.1747625087507,False,True,False
923,Zone 3,72,55,Married,24,82,Some college,No,Female,No,No,No,E-service,No,0,35,22.75,1047.906567669432,0.9870680745636475,0.012931925436352465,257.5814327303232,True,False,False
924,Zone 2,69,47,Married,10,159,High school degree,No,Male,No,No,Yes,Plus service,Yes,1,45,29.25,1264.6335364499996,0.9588467998357528,0.04115320016424717,326.0761379994879,True,False,False
925,Zone 2,32,44,Unmarried,10,201,High school degree,No,Male,No,No,Yes,Plus service,No,0,45,29.25,1184.0725032325277,0.9297321902007212,0.07026780979927882,320.7952089387009,True,False,False
926,Zone 1,19,25,Married,6,27,College degree,No,Female,Yes,No,Yes,Plus service,Yes,1,45,29.25,1011.4831727066216,0.854488341229506,0.145511658770494,306.6177173250855,False,False,False
927,Zone 2,42,54,Unmarried,19,57,Some college,No,Female,Yes,Yes,No,Total service,No,0,60,39.0,1516.7016097147862,0.9100799873448608,0.08992001265513916,422.78549028917035,True,False,False
928,Zone 3,51,49,Unmarried,29,45,Did not complete high school,No,Male,No,No,No,Basic service,No,0,25,16.25,679.8714694734385,0.9441533065034506,0.05584669349654936,179.66852058574244,False,False,False
929,Zone 2,32,22,Married,2,17,High school degree,No,Female,Yes,No,Yes,Plus service,Yes,1,45,29.25,985.8156499514384,0.8413565108800101,0.15864348911998993,303.97849246480166,False,False,False
930,Zone 3,26,55,Married,13,61,Did not complete high school,No,Male,No,No,Yes,Plus service,No,0,45,29.25,1312.7816296360404,0.9778044886925107,0.022195511307489313,329.60538192320604,True,False,False
931,Zone 2,39,44,Married,14,418,College degree,No,Male,Yes,No,Yes,Total service,No,0,60,39.0,1646.6053563268542,0.9489473328119378,0.05105266718806223,432.4176025596311,True,False,False
932,Zone 2,72,53,Unmarried,12,152,High school degree,No,Female,No,Yes,Yes,Total service,No,0,60,39.0,1565.230734063411,0.9245683483332431,0.07543165166675692,426.3580220846141,True,False,False
933,Zone 2,4,39,Unmarried,11,38,College degree,No,Male,Yes,Yes,Yes,Total service,Yes,1,60,39.0,1169.290426282649,0.7901954035970293,0.20980459640297067,393.71059291966486,True,True,True
934,Zone 2,54,50,Married,5,151,College degree,No,Male,No,No,Yes,Plus service,No,0,45,29.25,1250.928005708981,0.9542017942305784,0.04579820576942162,325.24278218846104,True,False,False
935,Zone 1,34,40,Married,21,23,College degree,No,Female,No,Yes,Yes,Total service,No,0,60,39.0,1598.4902684073293,0.9354322882922937,0.06456771170770625,429.12258938904495,True,False,False
936,Zone 1,20,25,Married,4,33,College degree,No,Female,No,Yes,Yes,Basic service,No,0,25,16.25,411.84839990973035,0.7018477645902524,0.29815223540974756,153.15885224335585,False,True,False
937,Zone 3,14,49,Unmarried,4,26,Did not complete high school,No,Male,No,No,No,Basic service,No,0,25,16.25,555.0558465212939,0.8494870537673164,0.15051294623268363,169.87456552583524,False,False,False
938,Zone 1,61,59,Unmarried,26,89,Did not complete high school,Yes,Female,No,No,No,Plus service,No,0,45,29.25,1323.8306194691397,0.9795888497951326,0.02041115020486739,329.8420854996508,True,False,False
939,Zone 2,4,24,Unmarried,2,25,College degree,No,Male,Yes,Yes,No,Basic service,Yes,1,25,16.25,207.86632550097107,0.3887302541069351,0.6112697458930649,110.69341695730189,False,True,False
940,Zone 3,16,48,Unmarried,25,59,High school degree,No,Male,No,No,Yes,Plus service,Yes,1,45,29.25,1301.559662825361,0.9758941974485593,0.02410580255144068,329.36200492338804,True,False,False
941,Zone 1,13,41,Unmarried,9,55,High school degree,No,Female,No,No,No,Basic service,No,0,25,16.25,543.2286750960039,0.8389266184033708,0.1610733815966292,168.74539874355358,False,False,False
942,Zone 2,53,37,Married,18,25,Some college,No,Female,No,Yes,No,E-service,Yes,1,35,22.75,920.0263389849101,0.9282592906233059,0.07174070937669408,249.2492707000217,False,False,False
943,Zone 2,58,36,Married,13,39,High school degree,No,Female,Yes,Yes,Yes,Total service,Yes,1,60,39.0,1449.7989081380858,0.8887547299860353,0.11124527001396467,417.42330588851587,True,False,False
944,Zone 2,25,38,Married,19,56,Did not complete high school,No,Female,Yes,No,No,Plus service,No,0,45,29.25,1215.743279782199,0.9431054317846427,0.05689456821535732,323.3224021415596,True,False,False
945,Zone 1,71,61,Married,19,155,Some college,No,Male,No,No,Yes,Plus service,No,0,45,29.25,1337.119749757315,0.9837842747251502,0.016215725274849824,330.58853331426417,True,False,False
946,Zone 1,22,33,Married,13,119,Post-undergraduate degree,No,Female,Yes,Yes,No,Total service,Yes,1,60,39.0,1331.9181297305033,0.847945983578774,0.15205401642122596,407.0701989957756,True,False,False
947,Zone 1,46,48,Married,15,64,Some college,No,Male,No,No,Yes,Plus service,No,0,45,29.25,1289.1603576005707,0.968242271241901,0.03175772875809901,327.8141388615586,True,False,False
948,Zone 3,66,50,Married,2,333,Post-undergraduate degree,No,Male,No,Yes,No,E-service,No,0,35,22.75,906.2246830256709,0.9210899114181296,0.07891008858187043,248.20746416620514,False,False,False
949,Zone 1,69,58,Married,29,26,High school degree,No,Female,Yes,Yes,Yes,Total service,No,0,60,39.0,1702.8982311289524,0.9633342371763276,0.0366657628236724,435.85822268678766,True,False,False
950,Zone 2,38,49,Married,3,33,College degree,No,Male,No,Yes,No,E-service,No,0,35,22.75,887.4321719672954,0.9116699311985113,0.08833006880148875,246.86452357628914,False,False,False
951,Zone 3,16,35,Unmarried,7,46,Some college,No,Male,No,No,No,Basic service,No,0,25,16.25,506.3446790264379,0.802745521321962,0.19725447867803803,164.69143443556317,False,True,False
952,Zone 3,44,39,Married,8,41,High school degree,No,Male,Yes,Yes,Yes,Total service,No,0,60,39.0,1397.1274454180818,0.8709791091407263,0.1290208908592737,412.91664963653125,True,False,False
953,Zone 1,50,50,Unmarried,24,31,Did not complete high school,No,Male,No,No,Yes,Plus service,No,0,45,29.25,1289.960526780067,0.9683530075624047,0.03164699243759528,327.82679982017703,True,False,False
954,Zone 3,10,23,Unmarried,1,29,College degree,No,Female,Yes,Yes,Yes,Total service,No,0,60,39.0,837.5809397887616,0.6186091881291975,0.3813908118708025,343.07562146824796,False,True,False
955,Zone 2,7,41,Unmarried,6,94,High school degree,No,Male,Yes,No,Yes,Total service,No,0,60,39.0,1422.5345991689883,0.8876292815499801,0.11237071845001989,418.26892805987814,True,False,False
956,Zone 3,71,48,Unmarried,25,288,Some college,No,Male,No,No,Yes,Basic service,No,0,25,16.25,670.8412550641457,0.9376086384781501,0.062391361521849875,178.98875314720772,False,False,False
957,Zone 3,16,39,Married,5,31,Did not complete high school,No,Female,No,No,No,Basic service,No,0,25,16.25,573.1188422572714,0.864985963006029,0.13501403699397097,171.5139144782065,False,False,False
958,Zone 3,6,20,Unmarried,0,25,High school degree,No,Female,No,No,Yes,Plus service,No,0,45,29.25,855.0702259955174,0.7739855751949076,0.22601442480509237,291.34193305317,False,True,False
959,Zone 2,46,55,Unmarried,24,269,High school degree,No,Male,No,No,Yes,Plus service,No,0,45,29.25,1307.6677200399206,0.9746284669108553,0.02537153308914475,328.9684338257648,True,False,False
960,Zone 3,51,49,Married,13,203,Some college,No,Male,Yes,No,Yes,Plus service,No,0,45,29.25,1238.39849158104,0.9496589830095896,0.05034101699041038,324.4150482292748,True,False,False
961,Zone 3,5,34,Unmarried,12,22,High school degree,No,Male,Yes,No,Yes,Basic service,Yes,1,25,16.25,448.91150582278505,0.7454533915437379,0.2545466084562621,158.6817802775035,False,True,False
962,Zone 2,49,54,Married,23,25,High school degree,No,Female,No,No,No,Basic service,No,0,25,16.25,704.1995510283588,0.9604357561550768,0.039564243844923186,181.3274602541999,False,False,False
963,Zone 3,49,51,Married,14,222,Post-undergraduate degree,No,Male,No,Yes,No,E-service,No,0,35,22.75,953.4931074083869,0.9450373220030454,0.054962677996954645,251.6650973812849,False,False,False
964,Zone 1,26,30,Married,4,76,Some college,No,Male,No,No,No,Basic service,No,0,25,16.25,540.7288243326233,0.8350172573310621,0.16498274266893787,168.19487349431895,False,False,False
965,Zone 3,22,39,Unmarried,4,55,High school degree,No,Female,Yes,Yes,Yes,Total service,Yes,1,60,39.0,1156.220224039567,0.7782181772774238,0.22178182272257618,388.61235036857556,True,True,True
966,Zone 3,51,45,Married,4,46,Some college,No,Male,Yes,Yes,Yes,Total service,No,0,60,39.0,1424.0077413361123,0.8801671978757558,0.11983280212424419,415.25198442079056,True,False,False
967,Zone 1,19,27,Married,7,56,College degree,No,Male,Yes,Yes,Yes,Total service,Yes,1,60,39.0,1178.464108320986,0.787364313859657,0.212635686140343,391.08192269495703,True,True,True
968,Zone 1,9,36,Unmarried,1,79,Some college,No,Female,Yes,No,Yes,Plus service,Yes,1,45,29.25,925.1978976475177,0.8125384846019327,0.18746151539806732,298.7606585450485,False,True,False
969,Zone 3,15,25,Married,0,51,Some college,No,Female,No,No,No,Basic service,No,0,25,16.25,474.7071658035552,0.7704623488630106,0.22953765113698943,161.06590446213266,False,True,False
970,Zone 2,57,63,Unmarried,19,61,Did not complete high school,No,Male,No,No,Yes,Plus service,No,0,45,29.25,1312.5596875151398,0.9759036540557559,0.024096345944244146,329.1823832535073,True,False,False
971,Zone 3,48,45,Unmarried,15,41,Did not complete high school,No,Female,No,No,No,Basic service,No,0,25,16.25,620.3682518333833,0.9012049428793042,0.0987950571206958,175.23003820756472,False,False,False
972,Zone 2,9,53,Married,20,50,High school degree,No,Female,No,No,No,Basic service,Yes,1,25,16.25,703.9367160051376,0.9673261930382542,0.03267380696174582,182.25162050163823,False,False,False
973,Zone 1,61,52,Unmarried,21,82,Did not complete high school,No,Male,No,No,Yes,Plus service,No,0,45,29.25,1284.2631844075,0.9660108311492359,0.033989168850764084,327.3872473380136,True,False,False
974,Zone 3,72,53,Unmarried,34,108,Did not complete high school,No,Male,No,No,Yes,Plus service,No,0,45,29.25,1330.9944096669747,0.9817566314833583,0.018243368516641656,330.22393605081385,True,False,False
975,Zone 3,57,60,Unmarried,20,14,High school degree,Yes,Female,No,No,Yes,Plus service,No,0,45,29.25,1307.0049601867763,0.9740138914089852,0.0259861085910148,328.84133816732844,True,False,False
976,Zone 2,57,51,Unmarried,10,46,Did not complete high school,No,Male,No,Yes,No,E-service,No,0,35,22.75,893.0756685852882,0.9142917491810669,0.08570825081893307,247.22504824122362,False,False,False
977,Zone 1,37,60,Married,0,46,Did not complete high school,No,Male,No,No,Yes,Plus service,No,0,45,29.25,1268.2767108403111,0.9613604202885581,0.03863957971144194,326.5892263660444,True,False,False
978,Zone 3,45,51,Unmarried,13,146,College degree,No,Male,No,No,No,Basic service,No,0,25,16.25,629.8524735132618,0.9084250632941424,0.09157493670585759,175.98531336081072,False,False,False
979,Zone 3,45,39,Married,15,36,Did not complete high school,No,Female,No,Yes,No,Basic service,No,0,25,16.25,566.430770373227,0.8580071625463696,0.14199283745363045,170.66948104692824,False,False,False
980,Zone 2,55,44,Unmarried,24,83,Did not complete high school,No,Female,No,No,Yes,Plus service,No,0,45,29.25,1267.4117594588226,0.9601698315026568,0.03983016849734322,326.33140712436966,True,False,False
981,Zone 2,24,27,Unmarried,2,17,Some college,No,Male,Yes,No,No,E-service,Yes,1,35,22.75,736.9864389552616,0.8218396774532217,0.17816032254677827,233.46363177675954,False,True,False
982,Zone 3,1,20,Unmarried,1,18,Some college,No,Male,Yes,Yes,No,Basic service,Yes,1,25,16.25,157.4121945255566,0.2872243631188866,0.7127756368811133,93.5852562889612,False,True,False
983,Zone 2,34,23,Married,3,24,Did not complete high school,No,Female,No,No,Yes,Plus service,No,0,45,29.25,1079.6742415307315,0.8853291703684895,0.11467082963151054,312.43397038304425,True,False,False
984,Zone 3,14,37,Married,5,48,Some college,No,Female,No,No,No,Basic service,No,0,25,16.25,561.8030737300668,0.8555900940740658,0.14440990592593417,170.5370571457384,False,False,False
985,Zone 3,6,32,Unmarried,10,47,Did not complete high school,No,Male,No,No,Yes,Plus service,No,0,45,29.25,1099.809920472885,0.9041818921710322,0.09581810782896782,316.96566154186434,True,False,False
986,Zone 3,24,30,Unmarried,0,25,College degree,No,Male,Yes,Yes,Yes,Total service,Yes,1,60,39.0,1034.4801148534154,0.7248132621815832,0.27518673781841685,374.06973851893014,True,True,True
987,Zone 2,3,26,Married,6,59,College degree,No,Female,Yes,No,Yes,Total service,Yes,1,60,39.0,1401.1221349277964,0.8873110942249676,0.11268890577503243,419.5426348368092,True,False,False
988,Zone 1,4,30,Unmarried,1,45,College degree,No,Male,Yes,Yes,Yes,Total service,Yes,1,60,39.0,855.3100880304535,0.6277832266629021,0.3722167733370979,346.61418295511584,False,True,False
989,Zone 1,72,40,Married,19,163,College degree,No,Male,No,No,No,E-service,No,0,35,22.75,1006.8676989589937,0.9693890047745337,0.030610995225466286,255.10430519188455,False,False,False
990,Zone 1,44,56,Unmarried,4,63,High school degree,No,Female,No,No,No,Plus service,Yes,1,45,29.25,1215.0207505325266,0.9410842094599777,0.05891579054002227,322.8517402791987,True,False,False
991,Zone 1,50,43,Unmarried,6,27,Some college,No,Male,No,No,Yes,Plus service,No,0,45,29.25,1163.9462082095567,0.9207448500060167,0.07925514999398331,319.06986988868107,True,False,False
992,Zone 2,61,50,Married,16,190,High school degree,No,Female,No,Yes,Yes,E-service,No,0,35,22.75,960.9515677730243,0.9483142414903618,0.05168575850963819,252.12105597335386,False,False,False
993,Zone 1,34,52,Married,2,106,High school degree,No,Male,No,Yes,Yes,Plus service,No,0,45,29.25,1116.518139574245,0.9014874456635369,0.09851255433646311,315.49556595960723,True,False,False
994,Zone 3,26,54,Married,30,26,Some college,No,Female,No,No,Yes,Total service,Yes,1,60,39.0,1821.5867253876827,0.994076560694344,0.005923439305655975,443.2840863417245,True,False,False
995,Zone 1,15,46,Married,17,63,Post-undergraduate degree,No,Male,Yes,Yes,Yes,Total service,Yes,1,60,39.0,1507.4030140630111,0.9108290742522877,0.08917092574771235,423.344775106984,True,False,False
996,Zone 3,10,39,Unmarried,0,27,Some college,No,Female,No,No,No,Basic service,No,0,25,16.25,471.61232746279006,0.767808594178869,0.23219140582113096,160.86550980171393,False,True,False
997,Zone 1,7,34,Unmarried,2,22,Post-undergraduate degree,No,Female,No,No,No,Basic service,No,0,25,16.25,449.4567376110007,0.744378771653814,0.25562122834618595,158.31947240133312,False,True,False
998,Zone 3,67,59,Unmarried,40,944,Post-undergraduate degree,No,Female,Yes,Yes,Yes,Total service,No,0,60,39.0,1710.4345339207582,0.9653728198499185,0.03462718015008148,436.3545209451028,True,False,False
999,Zone 3,70,49,Unmarried,18,87,High school degree,No,Female,Yes,No,Yes,Plus service,No,0,45,29.25,1217.8453338875368,0.9415449830833046,0.05845501691669541,322.90522116074817,True,False,False
1000,Zone 3,50,36,Married,7,39,Some college,No,Female,No,Yes,No,E-service,Yes,1,35,22.75,860.9867079885339,0.8970862373766799,0.10291376262332008,244.71817923428478,False,False,False
